-- phpMyAdmin SQL Dump
-- version 4.4.10
-- http://www.phpmyadmin.net
--
-- Host: localhost:8889
-- Generation Time: Apr 18, 2016 at 09:02 AM
-- Server version: 5.5.42
-- PHP Version: 5.6.10

SET SQL_MODE = "NO_AUTO_VALUE_ON_ZERO";
SET time_zone = "+00:00";


/*!40101 SET @OLD_CHARACTER_SET_CLIENT=@@CHARACTER_SET_CLIENT */;
/*!40101 SET @OLD_CHARACTER_SET_RESULTS=@@CHARACTER_SET_RESULTS */;
/*!40101 SET @OLD_COLLATION_CONNECTION=@@COLLATION_CONNECTION */;
/*!40101 SET NAMES utf8mb4 */;

--
-- Database: `crossriver`
--

-- --------------------------------------------------------

--
-- Table structure for table `attempts`
--

CREATE TABLE `attempts` (
  `id` int(11) NOT NULL,
  `ip` varchar(39) NOT NULL,
  `expiredate` datetime NOT NULL
) ENGINE=InnoDB AUTO_INCREMENT=3 DEFAULT CHARSET=utf8;

-- --------------------------------------------------------

--
-- Table structure for table `cart`
--

CREATE TABLE `cart` (
  `idsession` int(10) unsigned NOT NULL,
  `idproduct` int(10) unsigned NOT NULL,
  `quantity` int(10) unsigned NOT NULL,
  `cropx` int(11) NOT NULL,
  `cropy` int(11) NOT NULL,
  `cropwidth` int(11) NOT NULL,
  `cropheight` int(11) NOT NULL
) ENGINE=InnoDB DEFAULT CHARSET=latin1;

-- --------------------------------------------------------

--
-- Table structure for table `config`
--

CREATE TABLE `config` (
  `setting` varchar(100) NOT NULL,
  `value` varchar(100) DEFAULT NULL
) ENGINE=InnoDB DEFAULT CHARSET=latin1;

--
-- Dumping data for table `config`
--

INSERT INTO `config` (`setting`, `value`) VALUES
('attack_mitigation_time', '+30 minutes'),
('attempts_before_ban', '30'),
('attempts_before_verify', '5'),
('bcrypt_cost', '10'),
('cookie_domain', 'caseymcspadden'),
('cookie_forget', '+30 minutes'),
('cookie_http', '1'),
('cookie_name', 'auth'),
('cookie_path', '/'),
('cookie_remember', '+1 month'),
('cookie_secure', '0'),
('emailmessage_suppress_activation', '0'),
('emailmessage_suppress_reset', '0'),
('password_min_score', '3'),
('request_key_expiration', '+10 minutes'),
('site_activation_page', 'activate'),
('site_email', 'no-reply@caseymcspadden.com'),
('site_key', 'fghuior.)/!/jdUkd8s2!7HVHG7732rwx'),
('site_name', 'photo-site'),
('site_password_reset_page', 'reset'),
('site_timezone', 'America/Chicago'),
('site_url', 'http://localhost:8888/photo-site/build'),
('smtp', '0'),
('smtp_auth', '1'),
('smtp_host', 'smtp.example.com'),
('smtp_password', 'password'),
('smtp_port', '25'),
('smtp_security', NULL),
('smtp_username', 'casey@caseymcspadden.com'),
('table_attempts', 'attempts'),
('table_requests', 'requests'),
('table_sessions', 'sessions'),
('table_users', 'users'),
('verify_email_max_length', '100'),
('verify_email_min_length', '5'),
('verify_email_use_banlist', '1'),
('verify_password_min_length', '3');

-- --------------------------------------------------------

--
-- Table structure for table `containerphotos`
--

CREATE TABLE `containerphotos` (
  `idcontainer` int(10) unsigned NOT NULL,
  `idphoto` int(10) unsigned NOT NULL,
  `position` int(11) NOT NULL DEFAULT '0'
) ENGINE=InnoDB DEFAULT CHARSET=latin1;

--
-- Dumping data for table `containerphotos`
--

INSERT INTO `containerphotos` (`idcontainer`, `idphoto`, `position`) VALUES
(3, 101, 1),
(3, 102, 2),
(3, 103, 3),
(3, 104, 4),
(3, 105, 5),
(3, 106, 6),
(3, 107, 7),
(3, 108, 8),
(3, 109, 9),
(3, 110, 10),
(3, 111, 11),
(3, 112, 12),
(3, 113, 13),
(3, 114, 14),
(3, 115, 15),
(3, 116, 16),
(3, 117, 17),
(3, 118, 18),
(3, 119, 19),
(3, 120, 20),
(3, 121, 21),
(3, 122, 22),
(3, 123, 23),
(3, 124, 24),
(3, 125, 25),
(3, 126, 26),
(3, 127, 27),
(3, 128, 28),
(3, 129, 29),
(3, 130, 30),
(3, 131, 31),
(3, 132, 32),
(3, 133, 33),
(3, 134, 34),
(3, 135, 35),
(3, 136, 36),
(3, 137, 37),
(3, 138, 38),
(3, 139, 39),
(3, 140, 40),
(3, 141, 41),
(3, 142, 42),
(3, 143, 43),
(3, 144, 44),
(3, 145, 45),
(4, 140, 34),
(4, 146, 1),
(4, 147, 2),
(4, 148, 3),
(4, 149, 4),
(4, 150, 5),
(4, 151, 6),
(4, 152, 7),
(4, 153, 8),
(4, 154, 9),
(4, 155, 10),
(4, 156, 11),
(4, 157, 12),
(4, 158, 13),
(4, 159, 14),
(4, 160, 15),
(4, 161, 16),
(4, 162, 17),
(4, 163, 18),
(4, 164, 19),
(4, 165, 20),
(4, 166, 21),
(4, 167, 22),
(4, 168, 23),
(4, 169, 24),
(4, 170, 25),
(4, 171, 26),
(4, 172, 27),
(4, 173, 28),
(4, 174, 29),
(4, 175, 30),
(4, 176, 31),
(4, 177, 32),
(4, 178, 33),
(5, 179, 1),
(5, 180, 2),
(5, 181, 3),
(5, 182, 4),
(5, 183, 5),
(5, 184, 6),
(5, 185, 7),
(5, 186, 8),
(5, 187, 9),
(5, 188, 10),
(5, 189, 11),
(5, 190, 12),
(5, 191, 13),
(5, 192, 14),
(5, 193, 15),
(5, 194, 16),
(7, 101, 12),
(7, 102, 13),
(7, 103, 14),
(7, 116, 8),
(7, 117, 5),
(7, 118, 6),
(7, 124, 2),
(7, 130, 9),
(7, 132, 10),
(7, 133, 11),
(7, 135, 4),
(7, 344, 19),
(7, 345, 20),
(7, 346, 21),
(7, 347, 22),
(7, 648, 1),
(7, 649, 17),
(7, 650, 18),
(7, 652, 7),
(7, 655, 15),
(7, 656, 16),
(7, 657, 3),
(10, 195, 1),
(10, 196, 2),
(10, 197, 3),
(10, 198, 4),
(10, 199, 5),
(10, 200, 6),
(10, 201, 7),
(10, 202, 8),
(10, 203, 9),
(10, 204, 10),
(10, 205, 11),
(10, 206, 12),
(10, 207, 13),
(10, 208, 14),
(10, 209, 15),
(10, 210, 16),
(10, 211, 17),
(10, 212, 18),
(10, 213, 19),
(10, 214, 20),
(10, 215, 21),
(10, 216, 22),
(11, 217, 1),
(11, 218, 2),
(11, 219, 3),
(11, 220, 4),
(11, 221, 5),
(11, 222, 6),
(11, 223, 7),
(11, 224, 8),
(11, 225, 9),
(11, 226, 10),
(11, 227, 11),
(11, 228, 12),
(11, 229, 13),
(11, 230, 14),
(11, 231, 15),
(11, 232, 16),
(11, 233, 17),
(11, 234, 18),
(11, 235, 19),
(11, 236, 20),
(11, 237, 21),
(11, 238, 22),
(11, 239, 23),
(11, 240, 24),
(11, 241, 25),
(11, 242, 26),
(11, 243, 27),
(11, 244, 28),
(11, 245, 29),
(11, 246, 30),
(11, 247, 31),
(11, 248, 32),
(11, 249, 33),
(11, 250, 34),
(11, 251, 35),
(11, 252, 36),
(11, 253, 37),
(11, 254, 38),
(11, 255, 39),
(11, 256, 40),
(11, 257, 41),
(11, 258, 42),
(11, 259, 43),
(11, 260, 44),
(11, 261, 45),
(11, 262, 46),
(11, 263, 47),
(11, 264, 48),
(11, 265, 49),
(11, 266, 50),
(11, 267, 51),
(11, 268, 52),
(11, 269, 53),
(11, 270, 54),
(11, 271, 55),
(11, 272, 56),
(11, 273, 57),
(11, 274, 58),
(11, 275, 59),
(11, 276, 60),
(11, 277, 61),
(11, 278, 62),
(11, 279, 63),
(11, 280, 64),
(11, 281, 65),
(11, 282, 66),
(11, 283, 67),
(11, 284, 68),
(11, 285, 69),
(11, 286, 70),
(11, 287, 71),
(11, 288, 72),
(11, 289, 73),
(11, 290, 74),
(11, 291, 75),
(11, 292, 76),
(11, 293, 77),
(11, 294, 78),
(11, 295, 79),
(11, 296, 80),
(11, 297, 81),
(11, 298, 82),
(11, 299, 83),
(11, 300, 84),
(11, 301, 85),
(11, 302, 86),
(11, 303, 87),
(11, 304, 88),
(11, 305, 89),
(11, 306, 90),
(11, 307, 91),
(11, 308, 92),
(11, 309, 93),
(11, 310, 94),
(11, 311, 95),
(11, 312, 96),
(11, 313, 97),
(11, 314, 98),
(11, 315, 99),
(11, 316, 100),
(11, 317, 101),
(11, 318, 102),
(11, 319, 103),
(11, 320, 104),
(11, 321, 105),
(11, 322, 106),
(11, 323, 107),
(11, 324, 108),
(12, 325, 1),
(12, 326, 2),
(12, 327, 3),
(12, 328, 4),
(12, 329, 5),
(12, 330, 6),
(12, 331, 7),
(12, 332, 8),
(12, 333, 9),
(12, 334, 10),
(12, 335, 11),
(12, 336, 12),
(12, 337, 13),
(12, 338, 14),
(12, 339, 15),
(12, 340, 16),
(12, 341, 17),
(12, 342, 18),
(12, 343, 19),
(12, 344, 20),
(12, 345, 21),
(12, 346, 22),
(12, 347, 23),
(12, 348, 24),
(12, 349, 25),
(12, 350, 26),
(12, 351, 27),
(12, 352, 28),
(12, 353, 29),
(12, 354, 30),
(12, 355, 31),
(12, 356, 32),
(12, 357, 33),
(12, 358, 34),
(12, 359, 35),
(12, 360, 36),
(12, 361, 37),
(12, 362, 38),
(12, 363, 39),
(12, 364, 40),
(12, 365, 41),
(12, 366, 42),
(12, 367, 43),
(12, 368, 44),
(12, 369, 45),
(12, 370, 46),
(12, 371, 47),
(12, 372, 48),
(12, 373, 49),
(12, 374, 50),
(12, 375, 51),
(12, 376, 52),
(12, 377, 53),
(12, 378, 54),
(12, 379, 55),
(12, 380, 56),
(12, 381, 57),
(12, 382, 58),
(12, 383, 59),
(12, 384, 60),
(12, 385, 61),
(12, 386, 62),
(12, 387, 63),
(12, 388, 64),
(12, 389, 65),
(12, 390, 66),
(12, 391, 67),
(12, 392, 68),
(12, 393, 69),
(12, 394, 70),
(12, 395, 71),
(12, 396, 72),
(12, 397, 73),
(12, 398, 74),
(12, 399, 75),
(12, 400, 76),
(12, 401, 77),
(12, 402, 78),
(12, 403, 79),
(12, 404, 80),
(12, 405, 81),
(12, 406, 82),
(12, 407, 83),
(12, 408, 84),
(12, 409, 85),
(12, 410, 86),
(12, 411, 87),
(12, 412, 88),
(12, 413, 89),
(12, 414, 90),
(12, 415, 91),
(12, 416, 92),
(12, 417, 93),
(12, 418, 94),
(12, 419, 95),
(12, 420, 96),
(12, 421, 97),
(12, 422, 98),
(12, 423, 99),
(12, 424, 100),
(12, 425, 101),
(12, 426, 102),
(12, 427, 103),
(12, 428, 104),
(12, 429, 105),
(12, 430, 106),
(12, 431, 107),
(12, 432, 108),
(12, 433, 109),
(12, 434, 110),
(12, 435, 111),
(12, 436, 112),
(12, 437, 113),
(12, 438, 114),
(12, 439, 115),
(12, 440, 116),
(12, 441, 117),
(12, 442, 118),
(12, 443, 119),
(12, 444, 120),
(12, 445, 121),
(12, 446, 122),
(12, 447, 123),
(12, 448, 124),
(12, 449, 125),
(12, 450, 126),
(12, 451, 127),
(12, 452, 128),
(12, 453, 129),
(12, 454, 130),
(12, 455, 131),
(12, 456, 132),
(12, 457, 133),
(12, 458, 134),
(12, 459, 135),
(12, 460, 136),
(12, 461, 137),
(12, 462, 138),
(12, 463, 139),
(12, 464, 140),
(12, 465, 141),
(12, 466, 142),
(12, 467, 143),
(12, 468, 144),
(12, 469, 145),
(12, 470, 146),
(12, 471, 147),
(12, 472, 148),
(12, 473, 149),
(12, 474, 150),
(12, 475, 151),
(12, 476, 152),
(12, 477, 153),
(12, 478, 154),
(12, 479, 155),
(12, 480, 156),
(12, 481, 157),
(12, 482, 158),
(12, 483, 159),
(12, 484, 160),
(12, 485, 161),
(12, 486, 162),
(12, 487, 163),
(12, 488, 164),
(12, 489, 165),
(12, 490, 166),
(12, 491, 167),
(12, 492, 168),
(12, 493, 169),
(12, 494, 170),
(12, 495, 171),
(12, 496, 172),
(12, 497, 173),
(12, 498, 174),
(12, 499, 175),
(12, 500, 176),
(12, 501, 177),
(12, 502, 178),
(12, 503, 179),
(12, 504, 180),
(12, 505, 181),
(12, 506, 182),
(12, 507, 183),
(12, 508, 184),
(12, 509, 185),
(12, 510, 186),
(12, 511, 187),
(12, 512, 188),
(12, 513, 189),
(12, 514, 190),
(12, 515, 191),
(12, 516, 192),
(12, 517, 193),
(12, 518, 194),
(12, 519, 195),
(12, 520, 196),
(12, 521, 197),
(12, 522, 198),
(12, 523, 199),
(12, 524, 200),
(12, 525, 201),
(12, 526, 202),
(12, 527, 203),
(12, 528, 204),
(12, 529, 205),
(12, 530, 206),
(12, 531, 207),
(12, 532, 208),
(12, 533, 209),
(12, 534, 210),
(12, 535, 211),
(12, 536, 212),
(12, 537, 213),
(12, 538, 214),
(12, 539, 215),
(12, 540, 216),
(12, 541, 217),
(12, 542, 218),
(12, 543, 219),
(12, 544, 220),
(12, 545, 221),
(12, 546, 222),
(12, 547, 223),
(12, 548, 224),
(12, 549, 225),
(12, 550, 226),
(12, 551, 227),
(12, 552, 228),
(12, 553, 229),
(12, 554, 230),
(12, 555, 231),
(12, 556, 232),
(12, 557, 233),
(12, 558, 234),
(12, 559, 235),
(12, 560, 236),
(12, 561, 237),
(12, 562, 238),
(12, 563, 239),
(12, 564, 240),
(12, 565, 241),
(12, 566, 242),
(12, 567, 243),
(12, 568, 244),
(12, 569, 245),
(12, 570, 246),
(12, 571, 247),
(12, 572, 248),
(12, 573, 249),
(12, 574, 250),
(12, 575, 251),
(12, 576, 252),
(12, 577, 253),
(12, 578, 254),
(12, 579, 255),
(12, 580, 256),
(14, 101, 2),
(14, 102, 3),
(14, 103, 4),
(14, 104, 1),
(14, 105, 5),
(14, 106, 6),
(15, 101, 64),
(15, 104, 65),
(15, 107, 66),
(15, 121, 67),
(15, 125, 68),
(15, 130, 69),
(15, 131, 70),
(15, 133, 71),
(15, 134, 72),
(15, 148, 73),
(15, 149, 74),
(15, 159, 75),
(15, 162, 76),
(15, 167, 77),
(15, 168, 78),
(15, 170, 79),
(15, 178, 80),
(15, 180, 81),
(15, 183, 82),
(15, 189, 83),
(15, 198, 84),
(15, 210, 85),
(15, 235, 101),
(15, 239, 102),
(15, 246, 103),
(15, 247, 104),
(15, 248, 105),
(15, 249, 106),
(15, 254, 107),
(15, 257, 86),
(15, 267, 87),
(15, 268, 108),
(15, 269, 1),
(15, 270, 109),
(15, 271, 110),
(15, 272, 111),
(15, 273, 112),
(15, 275, 113),
(15, 279, 114),
(15, 284, 88),
(15, 287, 89),
(15, 288, 90),
(15, 305, 91),
(15, 318, 92),
(15, 324, 93),
(15, 340, 94),
(15, 349, 95),
(15, 355, 96),
(15, 426, 97),
(15, 447, 98),
(15, 461, 99),
(15, 503, 100),
(15, 517, 115),
(15, 583, 5),
(15, 584, 6),
(15, 585, 7),
(15, 587, 8),
(15, 588, 2),
(15, 589, 9),
(15, 590, 10),
(15, 591, 11),
(15, 592, 12),
(15, 593, 3),
(15, 594, 13),
(15, 595, 14),
(15, 596, 15),
(15, 599, 16),
(15, 600, 17),
(15, 601, 18),
(15, 602, 19),
(15, 603, 20),
(15, 606, 21),
(15, 607, 22),
(15, 608, 23),
(15, 609, 24),
(15, 611, 25),
(15, 612, 26),
(15, 613, 27),
(15, 614, 28),
(15, 615, 29),
(15, 616, 30),
(15, 617, 31),
(15, 618, 32),
(15, 619, 33),
(15, 620, 34),
(15, 621, 35),
(15, 622, 36),
(15, 623, 37),
(15, 624, 38),
(15, 625, 39),
(15, 626, 40),
(15, 627, 4),
(15, 628, 41),
(15, 629, 42),
(15, 630, 43),
(15, 631, 44),
(15, 632, 45),
(15, 633, 46),
(15, 634, 47),
(15, 635, 48),
(15, 636, 49),
(15, 637, 50),
(15, 638, 51),
(15, 639, 52),
(15, 640, 53),
(15, 641, 54),
(15, 642, 55),
(15, 643, 56),
(15, 644, 57),
(15, 646, 58),
(15, 647, 59),
(15, 648, 60),
(15, 649, 61),
(15, 650, 62),
(15, 651, 63),
(18, 101, 1),
(18, 102, 2),
(18, 103, 3),
(18, 104, 4),
(18, 105, 5),
(18, 106, 6),
(18, 107, 7),
(18, 108, 8),
(18, 109, 9),
(18, 110, 10),
(18, 111, 11),
(18, 112, 12),
(18, 113, 13),
(18, 114, 14),
(18, 115, 15),
(18, 116, 16),
(18, 117, 17),
(18, 118, 18),
(18, 119, 19),
(18, 120, 20),
(18, 121, 21),
(18, 122, 22),
(18, 123, 23),
(18, 124, 24),
(18, 125, 25),
(18, 126, 26),
(18, 127, 27),
(18, 128, 28),
(18, 129, 29),
(18, 130, 30),
(19, 141, 1),
(19, 142, 2),
(19, 143, 3),
(19, 144, 4),
(19, 145, 5),
(19, 146, 6),
(19, 147, 7),
(19, 148, 8),
(19, 149, 9),
(19, 150, 10),
(19, 151, 11),
(19, 152, 12),
(19, 153, 13),
(19, 154, 14),
(19, 155, 15),
(19, 156, 16),
(19, 157, 17),
(19, 158, 18),
(19, 159, 19),
(19, 160, 20),
(19, 161, 21),
(19, 162, 22),
(19, 163, 23),
(19, 164, 24),
(19, 165, 25),
(19, 166, 26),
(19, 167, 27),
(19, 168, 28),
(19, 169, 29),
(19, 170, 30),
(20, 101, 1),
(20, 102, 2),
(20, 103, 3),
(20, 104, 4),
(20, 105, 5),
(20, 106, 6),
(20, 107, 7),
(20, 108, 8),
(20, 109, 9),
(21, 136, 1),
(21, 137, 2),
(21, 138, 3),
(21, 139, 4),
(21, 140, 5),
(21, 141, 6),
(24, 182, 15),
(24, 183, 16),
(24, 184, 17),
(24, 185, 18),
(24, 186, 19),
(24, 187, 20),
(24, 188, 21),
(24, 189, 22),
(24, 190, 23),
(24, 191, 24),
(24, 192, 25),
(24, 193, 26),
(24, 194, 27),
(24, 195, 28),
(24, 302, 1),
(24, 303, 2),
(24, 304, 3),
(24, 305, 4),
(24, 306, 5),
(24, 307, 6),
(24, 308, 7),
(24, 309, 8),
(24, 310, 9),
(24, 311, 10),
(24, 312, 11),
(24, 313, 12),
(24, 314, 13),
(24, 315, 14),
(25, 101, 1),
(25, 102, 2),
(25, 103, 3),
(25, 104, 4),
(25, 105, 5),
(25, 106, 6),
(25, 107, 7),
(25, 108, 8),
(25, 109, 9),
(25, 110, 10),
(25, 111, 11),
(25, 112, 12),
(25, 113, 13),
(25, 114, 14),
(25, 115, 15),
(25, 116, 16),
(27, 257, 1),
(27, 258, 2),
(27, 259, 3),
(27, 260, 4),
(27, 261, 5),
(27, 262, 6),
(27, 263, 7),
(27, 264, 8),
(27, 265, 9),
(27, 266, 10),
(27, 267, 11),
(27, 268, 12),
(28, 379, 1),
(28, 380, 2),
(28, 381, 3),
(28, 382, 4),
(28, 383, 5),
(28, 384, 6),
(28, 385, 7),
(28, 386, 8),
(28, 387, 9),
(28, 388, 10),
(28, 389, 11),
(28, 390, 12),
(28, 391, 13),
(28, 392, 14),
(29, 322, 1),
(29, 323, 2),
(29, 324, 3),
(29, 325, 4),
(29, 326, 5),
(29, 327, 6),
(29, 328, 7),
(29, 329, 8),
(29, 330, 9),
(29, 331, 10),
(29, 332, 11),
(29, 333, 12),
(29, 334, 13),
(29, 335, 14),
(29, 336, 15),
(29, 337, 16),
(29, 338, 17),
(29, 339, 18),
(29, 340, 19),
(29, 341, 20),
(29, 342, 21),
(29, 343, 22),
(29, 344, 23),
(29, 345, 24),
(29, 346, 25),
(29, 347, 26),
(29, 348, 27),
(29, 349, 28);

-- --------------------------------------------------------

--
-- Table structure for table `containers`
--

CREATE TABLE `containers` (
  `id` int(10) unsigned NOT NULL,
  `type` varchar(32) NOT NULL DEFAULT 'folder',
  `idparent` int(10) unsigned NOT NULL DEFAULT '0',
  `position` int(10) unsigned NOT NULL DEFAULT '1',
  `name` varchar(64) NOT NULL,
  `description` varchar(256) NOT NULL DEFAULT '',
  `url` varchar(64) NOT NULL DEFAULT '',
  `urlsuffix` varchar(16) NOT NULL DEFAULT '',
  `access` tinyint(4) NOT NULL DEFAULT '0' COMMENT '0=public, 1=link, 2=login',
  `featuredphoto` int(10) unsigned NOT NULL DEFAULT '0',
  `watermark` tinyint(4) NOT NULL DEFAULT '1',
  `maxdownloadsize` tinyint(4) NOT NULL DEFAULT '0' COMMENT '0=no downloads, 5=original',
  `downloadgallery` tinyint(1) NOT NULL DEFAULT '0' COMMENT 'Can user download entire gallery?'
) ENGINE=InnoDB AUTO_INCREMENT=30 DEFAULT CHARSET=latin1;

--
-- Dumping data for table `containers`
--

INSERT INTO `containers` (`id`, `type`, `idparent`, `position`, `name`, `description`, `url`, `urlsuffix`, `access`, `featuredphoto`, `watermark`, `maxdownloadsize`, `downloadgallery`) VALUES
(1, 'folder', 0, 1, 'Portfolio', 'Description', 'portfolio', 'abcde', 0, 0, 1, 0, 0),
(2, 'folder', 0, 2, 'Site Galleries', 'Description', 'site-galleries', 'abcde', 0, 0, 1, 0, 0),
(3, 'gallery', 1, 1, 'Kids', 'Kids', 'kids', 'abcde', 0, 124, 1, 0, 0),
(4, 'gallery', 1, 2, 'People', 'People', 'people', '', 0, 168, 0, 0, 0),
(5, 'gallery', 1, 3, 'Food', 'Food', 'food', '', 0, 189, 1, 0, 0),
(6, 'folder', 22, 3, 'Cheree', 'Test', 'cheree', '', 2, 138, 1, 0, 0),
(7, 'gallery', 2, 3, 'Gallery Folder 3', 'Test', '', '', 0, 0, 1, 0, 0),
(8, 'gallery', 2, 1, 'Gallery Folder 3-2', 'Test', '', '', 0, 0, 1, 0, 0),
(10, 'gallery', 1, 4, 'Animals', 'Animals', 'animals', '', 0, 198, 1, 0, 0),
(11, 'gallery', 1, 6, 'Places', 'Places', 'places', '', 0, 317, 1, 0, 0),
(12, 'gallery', 2, 2, 'Uploads', 'Uploads', '', '', 0, 328, 1, 0, 0),
(13, 'folder', 1, 5, 'Test Folder One', 'Test', 'test-folder-1', '', 0, 142, 1, 0, 0),
(14, 'gallery', 13, 2, 'Test Gallery', 'Test', '', '', 0, 104, 1, 0, 0),
(15, 'gallery', 1, 7, 'Featured', 'Featured', 'featured', '', 0, 588, 1, 0, 0),
(18, 'gallery', 13, 3, 'A New Gallery', 'My New Gallery', 'a-new-gallery', '468Y9N', 1, 0, 1, 0, 0),
(19, 'gallery', 13, 1, 'Another Gallery', 'Description', 'another-gallery', '05U948', 1, 0, 1, 0, 0),
(20, 'gallery', 6, 2, 'Cheree 1', '', 'cheree-1', 'W3Uw5Y', 2, 108, 1, 0, 0),
(21, 'gallery', 6, 3, 'Cheree 2', '', 'cheree-2', '9Vh572', 2, 136, 1, 0, 0),
(22, 'folder', 0, 3, 'Clients', 'Cross River Clients', 'clients', 'ioq894', 2, 0, 1, 0, 0),
(23, 'folder', 22, 1, 'New Era', 'New Era Realty', 'new-era', 'H4iVBZ', 2, 112, 1, 0, 0),
(24, 'gallery', 23, 1, 'New Era 1', '', 'new-era-1', 'Gqv6Dn', 1, 305, 1, 0, 0),
(25, 'gallery', 23, 2, 'New Era 2', '', 'new-era-2', '1yCXI4', 1, 112, 1, 0, 0),
(26, 'folder', 22, 2, 'Century 21', 'Century 21 Realty', 'century-21', '04U69C', 2, 257, 1, 0, 0),
(27, 'gallery', 26, 1, '107 W 26th St', '', '107-w-26th-st', 'wN1uyA', 2, 268, 1, 0, 0),
(28, 'gallery', 26, 2, '8030 Cherokee Lane', '', '8030-cherokee-lane', '0ymm2G', 2, 379, 1, 0, 0),
(29, 'gallery', 6, 1, 'Cheree 3', '', 'cheree-3', '01A6P5', 2, 333, 1, 0, 0);

-- --------------------------------------------------------

--
-- Table structure for table `photos`
--

CREATE TABLE `photos` (
  `id` int(10) unsigned NOT NULL,
  `fileName` varchar(128) NOT NULL,
  `title` varchar(128) NOT NULL DEFAULT '',
  `description` varchar(256) NOT NULL DEFAULT '',
  `keywords` varchar(256) NOT NULL DEFAULT '',
  `fileSize` int(11) NOT NULL DEFAULT '0',
  `width` int(11) NOT NULL DEFAULT '0',
  `height` int(11) NOT NULL DEFAULT '0',
  `hash` varchar(64) NOT NULL DEFAULT '',
  `extension` varchar(16) NOT NULL DEFAULT '',
  `exifImageDescription` varchar(256) NOT NULL DEFAULT '',
  `exifMake` varchar(64) NOT NULL DEFAULT '',
  `exifModel` varchar(64) NOT NULL DEFAULT '',
  `exifArtist` varchar(64) NOT NULL DEFAULT '',
  `exifCopyright` varchar(64) NOT NULL DEFAULT '',
  `exifExposureTime` varchar(16) NOT NULL DEFAULT '',
  `exifFNumber` varchar(16) NOT NULL DEFAULT '',
  `exifExposureProgram` int(11) NOT NULL DEFAULT '0',
  `exifISOSpeedRatings` varchar(16) NOT NULL DEFAULT '',
  `exifDateTimeOriginal` varchar(64) NOT NULL DEFAULT '',
  `exifMeteringMode` int(11) NOT NULL DEFAULT '0',
  `exifFlash` int(11) NOT NULL DEFAULT '0',
  `exifFocalLength` varchar(16) NOT NULL DEFAULT ''
) ENGINE=InnoDB AUTO_INCREMENT=661 DEFAULT CHARSET=latin1;

--
-- Dumping data for table `photos`
--

INSERT INTO `photos` (`id`, `fileName`, `title`, `description`, `keywords`, `fileSize`, `width`, `height`, `hash`, `extension`, `exifImageDescription`, `exifMake`, `exifModel`, `exifArtist`, `exifCopyright`, `exifExposureTime`, `exifFNumber`, `exifExposureProgram`, `exifISOSpeedRatings`, `exifDateTimeOriginal`, `exifMeteringMode`, `exifFlash`, `exifFocalLength`) VALUES
(101, 'linden1.jpg', 'Linden', 'This is Linden', 'linden, kids', 436925, 2125, 1417, 'ae741588539187737aba9aaece694ac3', 'jpg', '', 'Canon', 'Canon EOS 5D Mark II', '', 'Copyright: Casey McSpadden', '1/200', '4/1', 3, '640', '2011:09:25 15:23:04', 2, 0, '200/1'),
(102, 'Linden 2', 'Another of Linden', 'Linden', 'linden, kids', 3395832, 4775, 3183, 'a591af3b7c73362cb8052e25032b5a4e', 'jpg', '', 'Canon', 'Canon EOS 5D Mark II', '', 'Copyright: Casey McSpadden', '1/125', '4/1', 3, '640', '2011:09:25 16:00:53', 2, 0, '70/1'),
(103, 'kids.jpg', 'Kids', 'Kids on Cherokee Lane', 'kids, cherokee', 3592090, 4639, 3093, 'c69ae52c552a87739baf49ea972c245a', 'jpg', '', 'Canon', 'Canon EOS 5D Mark II', '', 'Copyright: Casey McSpadden', '1/200', '4/1', 3, '640', '2011:09:25 16:28:53', 2, 0, '200/1'),
(104, '20111104 6 (1).jpg', '', '', '', 4821659, 3613, 5420, 'e4928986d872d1e301c10f754b05f8d8', 'jpg', '', 'Canon', 'Canon EOS 5D Mark II', '', 'Copyright: Casey McSpadden', '1/200', '8/1', 3, '100', '2010:09:05 16:11:24', 2, 0, '40/1'),
(105, '20111104.jpg', '', '', '', 3283359, 4244, 2829, '2418aaf278ce8b9cced5653d6e521f3b', 'jpg', '', 'Canon', 'Canon EOS 5D Mark II', '', 'Copyright: Casey McSpadden', '1/160', '16/5', 3, '3200', '2011:04:22 11:18:35', 2, 0, '48/1'),
(106, '20111105 (1).jpg', '', '', '', 2823372, 3111, 4667, 'ae5ea5f8f3877b9c0a620c2f0840e85b', 'jpg', '', 'Canon', 'Canon EOS 5D Mark II', '', '', '1/125', '63/10', 3, '200', '2010:04:11 14:25:12', 2, 0, '57/1'),
(107, '20111105 (6).jpg', '', '', '', 4118706, 5167, 3446, '46db780b57580f20bc2c75af7a2e6b03', 'jpg', '', 'Canon', 'Canon EOS 5D Mark II', '', '', '1/160', '14/5', 3, '800', '2010:07:04 17:36:42', 2, 0, '70/1'),
(108, '20111116 (2).jpg', '', '', '', 2766129, 5133, 3422, '0854624671716109f0d88ce58b76fa6f', 'jpg', '', 'Canon', 'Canon EOS 5D Mark II', '', '', '1/60', '4/1', 3, '100', '2010:05:30 16:12:57', 2, 0, '70/1'),
(109, '20111116 (12).jpg', '', '', '', 2585822, 5207, 3471, '5c7875ffdfcc8dfe2aefd1d791e5603c', 'jpg', '', 'Canon', 'Canon EOS 5D Mark II', '', '', '1/640', '63/10', 3, '100', '2010:07:05 11:49:52', 2, 0, '24/1'),
(110, '20111117 (2).jpg', '', '', '', 163645, 938, 626, 'd1059c9fc8f399365b5da74bace02d7b', 'jpg', '', 'Eastman Kodak Company', 'Kodak CLAS Digital Film Scanner / HR200', '', '', '', '', 0, '', '2006:03:29 00:28:00', 0, 0, ''),
(111, '20111117 (11).jpg', '', '', '', 179341, 978, 652, 'd8f86405b1988b8fb22ab156cd3f1974', 'jpg', '', 'Eastman Kodak Company', 'Kodak CLAS Digital Film Scanner / HR200', '', '', '', '', 0, '', '2006:03:29 01:48:00', 0, 0, ''),
(112, '20111118.jpg', '', '', '', 3478338, 3744, 5616, 'e9e19e7c342c441b8bb727b9e241d582', 'jpg', '', 'Canon', 'Canon EOS 5D Mark II', '', 'Copyright: Casey McSpadden', '1/200', '71/10', 3, '100', '2011:03:01 14:54:20', 2, 0, '42/1'),
(113, '20111120 (2).jpg', '', '', '', 1850245, 4408, 2939, 'eb5cb37a7e85d786d69c1b39f4d71033', 'jpg', '', 'Canon', 'Canon EOS 5D Mark II', '', '', '1/160', '4/1', 2, '100', '2009:07:06 11:30:26', 5, 0, '176/1'),
(114, 'FourthOfJuly (1).jpg', '', '', '', 4268662, 5616, 3744, '57edbf33dfd399f9997453785283a454', 'jpg', '', 'Canon', 'Canon EOS 5D Mark II', '', 'Copyright: Casey McSpadden', '1/1000', '4/1', 3, '400', '2011:07:04 17:55:57', 2, 0, '131/1'),
(115, 'Gdansk (6).jpg', '', '', '', 2901893, 4535, 3023, '03a20aa99016aecc65c00a99c3ae43b5', 'jpg', '', 'Canon', 'Canon EOS 5D Mark II', '', '', '1/500', '28/5', 3, '200', '2009:09:25 05:56:37', 2, 0, '140/1'),
(116, 'IMG_0503-Edit.jpg', '', '', '', 5406172, 5616, 3744, '2c722e0d754ce1cf63f898c840b0a580', 'jpg', '', 'Canon', 'Canon EOS 5D Mark II', 'Photographer: Casey McSpadden', 'Copyright: Casey McSpadden', '1/1250', '5/1', 3, '100', '2013:07:27 13:01:17', 2, 16, '200/1'),
(117, 'IMG_0589-Edit.jpg', '', '', '', 2968604, 2862, 2862, '00394077f62c7b156e179d94009f0012', 'jpg', '', 'Canon', 'Canon EOS 5D Mark II', 'Photographer: Casey McSpadden', 'Copyright: Casey McSpadden', '1/320', '63/10', 3, '100', '2013:07:27 15:45:37', 2, 16, '100/1'),
(118, 'IMG_0848-Edit-Edit.jpg', '', '', '', 3790555, 3300, 3300, '31083126aa4012e2cd22f798dbb93a99', 'jpg', '', 'Canon', 'Canon EOS 5D Mark II', 'Photographer: Casey McSpadden', 'Copyright: Casey McSpadden', '1/320', '8/1', 3, '100', '2013:07:28 12:47:52', 2, 8, '63/1'),
(119, 'IMG_0860-Edit.jpg', '', '', '', 3978550, 4569, 3046, '170bee5ab78337ab7cdbaa8483c0803f', 'jpg', '', 'Canon', 'Canon EOS 5D Mark II', 'Photographer: Casey McSpadden', 'Copyright: Casey McSpadden', '1/800', '32/10', 3, '100', '2013:07:28 13:09:56', 2, 16, '34/1'),
(120, 'IMG_2538.jpg', '', '', '', 2800004, 3788, 2504, '978074482c69e9bbf1886d4db12ac54f', 'jpg', '', 'Canon', 'Canon EOS 5D Mark II', 'Photographer: Casey McSpadden', 'Copyright: Casey McSpadden', '1/125', '35/10', 3, '100', '2012:11:03 10:19:19', 2, 16, '70/1'),
(121, 'IMG_3198-Edit.jpg', '', '', '', 6770581, 3207, 3207, '19adf893213943ef9b11a18a481610f7', 'jpg', '', 'Canon', 'Canon EOS 5D Mark II', 'Photographer: Casey McSpadden', 'Copyright: Casey McSpadden', '1/60', '35/10', 3, '4000', '2012:11:25 17:33:49', 2, 16, '70/1'),
(122, 'IMG_3478-Edit-2.jpg', '', '', '', 3969633, 3788, 3126, '12721ad80ba04fe5ee31d5c7e4bc4a7c', 'jpg', '', 'Canon', 'Canon EOS 5D Mark II', 'Photographer: Casey McSpadden', 'Copyright: Casey McSpadden', '1/250', '4/1', 3, '250', '2012:12:01 15:58:06', 2, 16, '70/1'),
(123, 'IMG_6137-Edit.jpg', '', '', '', 3016880, 3281, 3281, '72d15ecfba2bd65a26edef84a55761d9', 'jpg', '', 'Canon', 'Canon EOS 5D Mark II', 'Photographer: Casey McSpadden', 'Copyright: Casey McSpadden', '1/1000', '5/1', 3, '100', '2013:03:23 17:23:56', 2, 16, '200/1'),
(124, 'IMG_6584-Edit.jpg', '', '', '', 6485149, 4822, 3215, 'c77aba56117578b6cc61a87b692dbd73', 'jpg', '', 'Canon', 'Canon EOS 5D Mark II', 'Photographer: Casey McSpadden', 'Copyright: Casey McSpadden', '1/60', '4/1', 3, '800', '2013:03:25 14:34:21', 2, 8, '200/1'),
(125, 'IMG_8916-Edit.jpg', '', '', '', 6524190, 4371, 2914, '560c75e52d9b5afd40920cba976865f0', 'jpg', '', 'Canon', 'Canon EOS 5D Mark II', 'Photographer: Casey McSpadden', 'Copyright: Casey McSpadden', '1/20', '28/10', 3, '6400', '2013:06:16 21:00:16', 2, 8, '70/1'),
(126, 'IMG_9209-Edit.jpg', '', '', '', 2994619, 4279, 2852, '86418533cf86c830d83534d7f58d9ebe', 'jpg', '', 'Canon', 'Canon EOS 5D Mark II', 'Photographer: Casey McSpadden', 'Copyright: Casey McSpadden', '1/80', '8/1', 3, '100', '2013:06:18 11:37:25', 2, 8, '70/1'),
(127, 'KansasCity (8).jpg', '', '', '', 2721535, 2979, 4469, '1e447646bc6ba4bd45f7597ae9fabe89', 'jpg', '', 'Canon', 'Canon EOS 5D Mark II', '', 'Copyright: Casey McSpadden', '1/30', '7/2', 3, '1600', '2011:05:30 18:25:27', 2, 0, '70/1'),
(128, 'KansasCity (9).jpg', '', '', '', 4254699, 4973, 3315, '4ddd8b2cf5224d5b6a8aec9e0b6b3afc', 'jpg', '', 'Canon', 'Canon EOS 5D Mark II', '', 'Copyright: Casey McSpadden', '1/20', '16/5', 3, '6400', '2011:05:28 15:30:58', 2, 0, '70/1'),
(129, 'KansasCity (10).jpg', '', '', '', 1882484, 3122, 2081, '81cfa6d347b780a9bcbb78b66f1aac38', 'jpg', '', 'Canon', 'Canon EOS 5D Mark II', '', 'Copyright: Casey McSpadden', '1/25', '14/5', 3, '6400', '2011:05:28 15:58:22', 2, 0, '70/1'),
(130, 'KansasCity (11).jpg', '', '', '', 1848036, 2795, 4191, 'adfe6cdc84ab1d9d552477bb463f28f8', 'jpg', '', 'Canon', 'Canon EOS 5D Mark II', '', 'Copyright: Casey McSpadden', '1/50', '7/2', 3, '100', '2011:05:28 17:42:27', 2, 0, '70/1'),
(131, 'KansasCity (12).jpg', '', '', '', 2815948, 4017, 2678, '99039edd8930c03d5d125061894c3c99', 'jpg', '', 'Canon', 'Canon EOS 5D Mark II', '', 'Copyright: Casey McSpadden', '1/80', '7/2', 3, '1600', '2011:05:30 18:10:22', 2, 0, '70/1'),
(132, 'KansasCity (14).jpg', '', '', '', 5386083, 4533, 3022, '8ccba9c3a8688bca0c33df2bc6d5b724', 'jpg', '', 'Canon', 'Canon EOS 5D Mark II', '', 'Copyright: Casey McSpadden', '1/400', '7/2', 3, '1600', '2011:05:31 10:27:15', 2, 0, '70/1'),
(133, 'KansasCity (18).jpg', '', '', '', 1049780, 2499, 1666, 'e27dc29ecbe72caa376ba2483a88a1d1', 'jpg', '', 'Canon', 'Canon EOS 5D Mark II', '', 'Copyright: Casey McSpadden', '1/1250', '14/5', 3, '160', '2011:05:31 11:34:13', 2, 0, '70/1'),
(134, 'KansasCity (19).jpg', '', '', '', 1246805, 3493, 2328, '2a794b83b1e37cb283c537056b779e17', 'jpg', '', 'Canon', 'Canon EOS 5D Mark II', '', 'Copyright: Casey McSpadden', '1/200', '14/5', 3, '160', '2011:05:31 12:05:20', 2, 0, '70/1'),
(135, 'KansasCity (20).jpg', '', '', '', 3035941, 4340, 2893, 'e96c89a16c10f3cd0d44fc20fcc515f7', 'jpg', '', 'Canon', 'Canon EOS 5D Mark II', '', 'Copyright: Casey McSpadden', '1/100', '14/5', 3, '800', '2010:10:22 15:54:13', 2, 0, '59/1'),
(136, 'KansasCity (25).jpg', '', '', '', 4625476, 5201, 3467, 'c6e5bae7a011fe3f347340b132ef2b6b', 'jpg', '', 'Canon', 'Canon EOS 5D Mark II', '', '', '1/160', '14/5', 3, '800', '2010:07:04 17:52:38', 2, 0, '70/1'),
(137, 'Lemonade.jpg', '', '', '', 4455855, 4888, 3259, '2038f64edb4bf0c68295a97ab7826968', 'jpg', '', 'Canon', 'Canon EOS 5D Mark II', '', 'Copyright: Casey McSpadden', '1/1000', '5/1', 3, '800', '2012:05:07 13:27:38', 2, 16, '48/1'),
(138, 'Riga (2).jpg', '', '', '', 1123783, 3207, 2138, '0bd43a4cc28e8025ea26a0e161e0c260', 'jpg', '', 'Canon', 'Canon EOS 5D Mark II', '', '', '1/100', '2/1', 3, '200', '2009:09:21 00:03:15', 2, 0, '85/1'),
(139, 'Riga (5).jpg', '', '', '', 2797991, 3607, 2405, '4db51e6a4fbd711c795a43095fc76727', 'jpg', '', 'Canon', 'Canon EOS 5D Mark II', '', '', '1/25', '4/1', 3, '3200', '2009:09:21 00:21:31', 2, 0, '40/1'),
(140, 'Tallinn.jpg', '', '', '', 3158419, 5023, 3349, 'c9071733e486b1b53cdf6a908a1329e7', 'jpg', '', 'Canon', 'Canon EOS 5D Mark II', '', '', '1/160', '4/1', 3, '200', '2009:09:19 07:50:48', 2, 0, '131/1'),
(141, 'Winter2011 2.jpg', '', '', '', 7097270, 4380, 2920, 'd4dd203ef48c97ff0b906a0c67a07e7a', 'jpg', '', 'Canon', 'Canon EOS 5D Mark II', '', 'Copyright: Casey McSpadden', '1/320', '8/1', 3, '100', '2011:02:27 06:18:30', 2, 0, '58/1'),
(142, 'Winter2011 3.jpg', '', '', '', 8270967, 4975, 3317, '7c704d27881fee6a3df9157756c515d0', 'jpg', '', 'Canon', 'Canon EOS 5D Mark II', '', 'Copyright: Casey McSpadden', '1/800', '8/1', 3, '100', '2011:02:27 07:12:40', 2, 0, '57/1'),
(143, 'Winter2011 5.jpg', '', '', '', 1976991, 4634, 3089, 'ec8e7ceb1b98511baa17f46210a2a178', 'jpg', '', 'Canon', 'Canon EOS 5D Mark II', '', 'Copyright: Casey McSpadden', '1/40', '8/1', 3, '100', '2011:02:28 12:32:37', 2, 0, '30/1'),
(144, 'Winter2011 6.jpg', '', '', '', 3943086, 4455, 2970, '22ee32dbbda106b1b38a2c96206e0573', 'jpg', '', 'Canon', 'Canon EOS 5D Mark II', '', 'Copyright: Casey McSpadden', '1/200', '16/1', 3, '100', '2011:03:01 10:55:58', 2, 0, '45/1'),
(145, 'Winter2011 7.jpg', '', '', '', 2236514, 5037, 3358, '281581f9575b6818f4ef6028091dfd92', 'jpg', '', 'Canon', 'Canon EOS 5D Mark II', '', 'Copyright: Casey McSpadden', '1/160', '71/10', 3, '100', '2011:03:01 14:54:41', 2, 0, '70/1'),
(146, '20111105 (2).jpg', '', '', '', 2311776, 3916, 2611, '7011e6e8fab1c1cec6e5c4448b593fe6', 'jpg', '', 'Canon', 'Canon EOS 5D Mark II', '', '', '1/80', '63/10', 3, '200', '2010:04:11 14:37:06', 2, 0, '70/1'),
(147, '20111105 (4).jpg', '', '', '', 3624623, 5074, 3383, '10777c33ae72abebe5148a1c38df538f', 'jpg', '', 'Canon', 'Canon EOS 5D Mark II', '', '', '1/200', '16/1', 3, '400', '2010:04:25 14:37:58', 2, 0, '200/1'),
(148, '20111105.jpg', '', '', '', 5992206, 5616, 3744, '481939e784ea7adc9caae19fb6889526', 'jpg', '', 'Canon', 'Canon EOS 5D Mark II', '', 'Copyright: Casey McSpadden', '1/2500', '14/5', 3, '100', '2010:07:10 18:57:28', 2, 0, '58/1'),
(149, '20111114 (3).jpg', '', '', '', 1836721, 3845, 2563, '39b80534daf7fcc2095273dd01d2e12b', 'jpg', '', 'Canon', 'Canon EOS 5D Mark II', '', '', '1/125', '71/10', 2, '200', '2009:09:16 06:18:17', 5, 0, '28/1'),
(150, '20111114 (4).jpg', '', '', '', 2586863, 4544, 3029, '8a3bc72a043f23f466ca3f567ae3cdac', 'jpg', '', 'Canon', 'Canon EOS 5D Mark II', '', '', '1/125', '28/5', 2, '200', '2009:09:16 06:26:12', 5, 0, '65/1'),
(151, '20111114 (7).jpg', '', '', '', 1819695, 3209, 4812, '823bf56b157141f9a5beb789859d8dd8', 'jpg', '', 'Canon', 'Canon EOS 5D Mark II', '', '', '1/200', '4/1', 2, '200', '2009:09:18 04:40:04', 5, 0, '188/1'),
(152, '20111114 (8).jpg', '', '', '', 2062278, 3837, 2557, '8233f50fb1181608382a85fec91415a0', 'jpg', '', 'Canon', 'Canon EOS 5D Mark II', '', '', '1/200', '9/2', 3, '2500', '2009:09:18 05:33:28', 2, 0, '200/1'),
(153, '20111116 (1).jpg', '', '', '', 2111569, 4141, 2760, '2228ffb75df2783bf60eabe1b2b0459f', 'jpg', '', 'Canon', 'Canon EOS 5D Mark II', '', '', '1/200', '4/1', 3, '100', '2010:05:30 15:13:20', 2, 0, '24/1'),
(154, '20111116.jpg', '', '', '', 3205343, 5160, 3440, '5d5b8f83251c5afc55e752cb784aaecf', 'jpg', '', 'Canon', 'Canon EOS 5D Mark II', '', '', '1/160', '4/1', 3, '100', '2010:05:30 15:12:39', 2, 0, '25/1'),
(155, '20111117 (8).jpg', '', '', '', 286137, 785, 1177, 'f569b99b5b697ca033fcf84b0d2d4299', 'jpg', '', 'Eastman Kodak Company', 'Kodak CLAS Digital Film Scanner / HR200', '', '', '', '', 0, '', '2006:03:28 20:57:00', 0, 0, ''),
(156, '20111117 (9).jpg', '', '', '', 287670, 1286, 857, '169d538f9dab4ea9de57f78073d252e0', 'jpg', '', 'Eastman Kodak Company', 'Kodak CLAS Digital Film Scanner / HR200', '', '', '', '', 0, '', '2006:03:25 05:54:00', 0, 0, ''),
(157, 'BVI (6).jpg', '', '', '', 1310620, 3810, 2540, 'd9baeb887f980adc5c27c7b4ad619e2a', 'jpg', '', '', '', '', '', '1/200', '28/5', 2, '100', '2009:02:27 05:10:25', 5, 0, '112/1'),
(158, 'BVI (17).jpg', '', '', '', 3201196, 4450, 2966, '3dc7d8e440c17f0b5229cdfe2d77eb02', 'jpg', '', 'Canon', 'Canon EOS 50D', '', '', '1/60', '9/2', 2, '640', '2009:02:27 09:27:15', 5, 0, '50/1'),
(159, 'Copenhagen (7).jpg', '', '', '', 4069539, 4601, 3067, '75dcc86e6b1bc4b36f74f5a9b7a90e9e', 'jpg', '', 'Canon', 'Canon EOS 5D Mark II', '', '', '1/160', '8/1', 3, '1000', '2009:09:28 03:35:11', 2, 0, '200/1'),
(160, 'FourthOfJuly (4).jpg', '', '', '', 2377895, 4782, 3188, '0c1b88019cbdcef802afa14483de7fe0', 'jpg', '', 'Canon', 'Canon EOS 5D Mark II', '', 'Copyright: Casey McSpadden', '1/13', '5/1', 3, '400', '2011:07:04 18:20:40', 2, 0, '135/1'),
(161, 'Gdansk (1).jpg', '', '', '', 3118355, 5158, 3438, 'c3b40e914953d04ef7a4ea283f16de5c', 'jpg', '', 'Canon', 'Canon EOS 5D Mark II', '', '', '1/200', '11/1', 3, '2000', '2009:09:25 04:11:45', 2, 0, '200/1'),
(162, 'Gdansk.jpg', '', '', '', 5090371, 5616, 3744, '977c19880d32158c2b9080a068427acd', 'jpg', '', 'Canon', 'Canon EOS 5D Mark II', '', '', '1/160', '11/1', 3, '800', '2009:09:25 03:54:49', 2, 0, '200/1'),
(163, 'IMG_5854-Edit-Edit.jpg', '', '', '', 2940382, 3382, 2255, 'd1fc83bc013f4c2655bb6942440dac15', 'jpg', '', 'Canon', 'Canon EOS 5D Mark II', 'Photographer: Casey McSpadden', 'Copyright: Casey McSpadden', '1/125', '11/1', 3, '100', '2013:03:22 12:49:36', 2, 8, '70/1'),
(164, 'Lech.jpg', '', '', '', 8398199, 5616, 3744, '0882ff3a0bae17669f726cb763519268', 'jpg', '', 'Canon', 'Canon EOS 5D Mark II', '', '', '1/160', '4/1', 3, '1600', '2009:09:27 04:20:05', 2, 0, '149/1'),
(165, 'NewYork (2).jpg', '', '', '', 1842976, 3838, 2558, 'f7f8631f61d11b7b434e551e09bd4167', 'jpg', '', 'Canon', 'Canon EOS 5D Mark II', '', '', '1/80', '63/10', 3, '250', '2009:12:12 13:54:36', 2, 0, '70/1'),
(166, 'NewZealand (9).jpg', '', '', '', 4546066, 5616, 3744, '9f19e1613d0e35d47ef10894b36893d6', 'jpg', 'Steve Logan, co-owner Logan Brown Restaurant, Wellington, New Zealand', 'Canon', 'Canon EOS 5D Mark II', '', 'Copyright © 2010 Casey McSpadden All Rights Reserved casey@cros', '1/15', '4/1', 0, '3200', '2009:06:07 15:07:49', 5, 0, '40/1'),
(167, 'NewZealand (11).jpg', '', '', '', 2051692, 4376, 2917, '5843c1573ce77bc7f95f8e5c8de76295', 'jpg', '', '', '', '', '', '1/160', '4/1', 2, '1250', '2009:06:05 18:32:39', 5, 0, '200/1'),
(168, 'NewZealand (12).jpg', '', '', '', 1686733, 3919, 2613, '4939280f9b8db0617aeaad9659079ddd', 'jpg', '', 'Canon', 'Canon EOS 5D Mark II', '', '', '1/80', '2/1', 2, '1250', '2009:06:07 14:55:42', 5, 0, '85/1'),
(169, 'NewZealand (32).jpg', '', '', '', 1517073, 4052, 2701, 'e78a0273260da2050f5794d08be5926c', 'jpg', '', 'Canon', 'Canon EOS 5D Mark II', '', '', '1/200', '28/5', 2, '100', '2009:06:03 19:46:14', 5, 0, '81/1'),
(170, 'PikePlace (1).jpg', '', '', '', 2105716, 4157, 2771, 'c579a86b38623e9ecd12d6bc325b2b4a', 'jpg', '', 'Canon', 'Canon EOS 5D Mark II', '', '', '1/50', '4/1', 2, '500', '2009:08:22 13:06:34', 5, 16, '131/1'),
(171, 'PikePlace (2).jpg', '', '', '', 3071616, 5055, 3370, 'd0f2f92c2e36d25ce654529356b4e07d', 'jpg', '', 'Canon', 'Canon EOS 5D Mark II', '', '', '1/50', '4/1', 2, '500', '2009:08:22 13:07:40', 5, 0, '184/1'),
(172, 'PikePlace.jpg', '', '', '', 1626692, 3810, 2540, '92fe050a418faa717f8342e1f4487cac', 'jpg', '', 'Canon', 'Canon EOS 5D Mark II', '', '', '1/125', '4/1', 4, '500', '2009:08:22 13:01:21', 5, 0, '200/1'),
(173, 'Prairie 9.jpg', '', '', '', 3536317, 4923, 3282, '4a33be6f7f472d087c722c3ebd93243e', 'jpg', '', 'Canon', 'Canon EOS 5D Mark II', '', 'Copyright: Casey McSpadden', '1/320', '8/1', 3, '100', '2011:08:06 13:30:16', 2, 0, '45/1'),
(174, 'SalemiMayor (1).jpg', '', '', '', 1445361, 3005, 2003, '08cb91d2733292b03ea38b403c88c71c', 'jpg', '', 'Canon', 'Canon EOS 5D Mark II', '', '', '1/200', '9/2', 2, '200', '2009:09:08 04:31:58', 5, 0, '200/1'),
(175, 'Sicily (2).jpg', '', '', '', 1328191, 4058, 2705, 'd10eae6892492a37841e9da66a908d96', 'jpg', '', 'Canon', 'Canon EOS 5D Mark II', '', '', '1/160', '28/5', 2, '200', '2009:09:07 03:38:23', 5, 0, '105/1'),
(176, 'SnowDayLarge 005.jpg', '', '', '', 1820538, 3921, 2614, 'cf935a184df101ee00759e92c94a60cb', 'jpg', '', 'Canon', 'Canon EOS 5D Mark II', '', 'Copyright: Casey McSpadden', '1/80', '8/1', 3, '100', '2012:01:18 15:07:40', 2, 0, '24/1'),
(177, 'SnowDayLarge 007.jpg', '', '', '', 2588880, 4590, 3060, 'ff440f78fab77336e791a3a9093f2131', 'jpg', '', 'Canon', 'Canon EOS 5D Mark II', '', 'Copyright: Casey McSpadden', '1/60', '28/5', 3, '100', '2012:01:18 15:27:56', 2, 0, '140/1'),
(178, 'Stockholm (4).jpg', '', '', '', 4172440, 4782, 3184, 'c8532b65549ad6ed08317192544bdc96', 'jpg', '', 'Canon', 'Canon EOS 5D Mark II', '', '', '1/640', '28/5', 3, '200', '2009:09:23 07:01:29', 2, 0, '200/1'),
(179, 'BVI (27).jpg', '', '', '', 2319187, 4162, 2775, '169174cdde004926c8a7e7240a57426c', 'jpg', '', 'Canon', 'Canon EOS 50D', '', '', '1/200', '8/1', 2, '100', '2009:02:28 09:06:20', 5, 0, '28/1'),
(180, 'NewZealand (3).jpg', '', '', '', 2461745, 3283, 4939, '981a2e2167267e846e00dd5d91b61d65', 'jpg', 'Floriditas Restaurant, Wellington, New Zealand', 'Canon', 'Canon EOS 5D Mark II', '', 'Copyright © 2010 Casey McSpadden All Rights Reserved casey@cros', '1/30', '4/1', 2, '320', '2009:06:04 21:33:59', 5, 0, '40/1'),
(181, 'NewZealand (14).jpg', '', '', '', 3057916, 4843, 3229, 'dca1099827bdd25df4c91bf350e6470a', 'jpg', '', 'Canon', 'Canon EOS 5D Mark II', '', '', '1/200', '4/1', 2, '800', '2009:06:13 20:34:44', 5, 0, '163/1'),
(182, 'NewZealand (17).jpg', '', '', '', 1584197, 3007, 4511, '37bb0ff9c092512a34cb6cb378636d7a', 'jpg', '', 'Canon', 'Canon EOS 5D Mark II', '', '', '1/200', '4/1', 2, '100', '2009:06:14 14:46:01', 5, 0, '200/1'),
(183, 'NewZealand (18).jpg', '', '', '', 1846199, 4979, 3319, 'c006658b177b1105173b41f6a9790a0f', 'jpg', '', 'Canon', 'Canon EOS 5D Mark II', '', '', '1/320', '28/5', 2, '100', '2009:06:14 15:51:06', 5, 0, '154/1'),
(184, 'NewZealand (33).jpg', '', '', '', 2256084, 4642, 3095, '0139e3e26246a85b15afe7c72f4f3a52', 'jpg', '', 'Canon', 'Canon EOS 5D Mark II', '', '', '1/15', '4/1', 2, '640', '2009:06:03 22:20:09', 5, 0, '19/1'),
(185, 'NewZealand (35).jpg', '', '', '', 2237556, 2652, 3978, '185d4b220c9596be91af5fa4cc3c8c64', 'jpg', '', 'Canon', 'Canon EOS 50D', '', 'Copyright: Casey McSpadden', '1/200', '71/10', 2, '100', '2009:06:07 19:13:02', 5, 0, '40/1'),
(186, 'Paella (1).jpg', '', '', '', 3920769, 5616, 3744, '5564598a545d311cdf5f6aa7b0042cf1', 'jpg', '', 'Canon', 'Canon EOS 5D Mark II', '', '', '1/125', '63/10', 2, '6400', '2009:08:15 22:20:03', 5, 0, '60/1'),
(187, 'Paella.jpg', '', '', '', 3969611, 5372, 3582, '1ad9edea993763ae12395cfc8a87c91a', 'jpg', '', 'Canon', 'Canon EOS 5D Mark II', '', '', '1/50', '9/2', 2, '3200', '2009:08:15 20:16:26', 5, 0, '105/1'),
(188, 'Portland (1).jpg', '', '', '', 2813880, 4528, 3018, '7ca6258ffae349a382e2554d5a9664af', 'jpg', '', 'Canon', 'Canon EOS 50D', '', 'Copyright: Casey McSpadden', '1/100', '9/2', 2, '1600', '2009:04:17 19:25:07', 5, 0, '60/1'),
(189, 'RomeBabyRoma (1).jpg', '', '', '', 2509319, 4808, 3205, '2824d7d8bfe8222ac22c1ee477d12f81', 'jpg', '', 'Canon', 'Canon EOS 5D Mark II', '', '', '1/125', '9/2', 2, '500', '2009:09:12 05:26:03', 5, 0, '105/1'),
(190, 'RomeBabyRoma (2).jpg', '', '', '', 1987040, 4574, 3049, 'cee1c17c4acfc6e3ee95655f4d0d5ff3', 'jpg', '', 'Canon', 'Canon EOS 5D Mark II', '', '', '1/80', '9/2', 2, '200', '2009:09:12 05:57:58', 5, 0, '85/1'),
(191, 'RomeBabyRoma (8).jpg', '', '', '', 3723416, 5087, 3391, 'bffbd9233e3fefda3e0efda4c4bd3dd6', 'jpg', '', 'Canon', 'Canon EOS 5D Mark II', '', '', '1/80', '9/2', 2, '320', '2009:09:12 06:55:05', 5, 0, '75/1'),
(192, 'RomeBabyRoma.jpg', '', '', '', 2447239, 4819, 3213, '5d5961b33fc2f63217ac70853af08b5c', 'jpg', '', 'Canon', 'Canon EOS 5D Mark II', '', '', '1/50', '5/1', 2, '200', '2009:09:12 05:04:41', 5, 0, '35/1'),
(193, 'SalemiFood (1).jpg', '', '', '', 4419325, 5616, 3744, 'a23d72a6553fc88340da4330007b18f0', 'jpg', '', 'Canon', 'Canon EOS 5D Mark II', '', '', '1/60', '9/2', 2, '3200', '2009:09:08 06:12:13', 5, 0, '85/1'),
(194, 'Tallinn (7).jpg', '', '', '', 4209118, 2608, 3912, '6264eb85adaa95193205707e1833e82b', 'jpg', '', 'Canon', 'Canon EOS 5D Mark II', '', '', '1/25', '9/2', 3, '3200', '2009:09:19 09:28:26', 2, 0, '90/1'),
(195, '20111104 (1).jpg', '', '', '', 2055532, 4679, 3119, '0835832e78ad43c7e98531f00e2ac8c3', 'jpg', '', 'Canon', 'Canon EOS 5D Mark II', '', 'Copyright: Casey McSpadden', '1/2000', '7/2', 3, '200', '2010:10:17 15:17:51', 2, 0, '45/1'),
(196, '20111104 3.jpg', '', '', '', 4630976, 5061, 3374, '4f730b95cfd32afcbb05278dc03835cc', 'jpg', '', 'Canon', 'Canon EOS 5D Mark II', '', 'Copyright: Casey McSpadden', '1/125', '9/2', 3, '100', '2011:02:04 17:29:28', 2, 0, '28/1'),
(197, '20111105 (3).jpg', '', '', '', 2457317, 4401, 2934, 'eaafd078e983c7b4abfbe3926e5e3e69', 'jpg', '', 'Canon', 'Canon EOS 5D Mark II', '', '', '1/160', '63/10', 3, '200', '2010:04:11 14:49:22', 2, 0, '200/1'),
(198, '20111105 (5).jpg', '', '', '', 2265360, 4090, 2726, 'fcf0e03a2c0383e5b3424cbe8c785ba5', 'jpg', '', 'Canon', 'Canon EOS 5D Mark II', '', '', '1/60', '4/1', 3, '320', '2010:03:04 16:12:46', 2, 0, '65/1'),
(199, '20111113 (1).jpg', '', '', '', 1730198, 4054, 2703, '032182acb1a790bf8711eb9a4704a1d8', 'jpg', '', 'Canon', 'Canon EOS 5D Mark II', '', '', '1/125', '5/1', 2, '250', '2009:09:15 22:54:17', 5, 0, '105/1'),
(200, '20111113 (2).jpg', '', '', '', 1570363, 3898, 2598, 'ccd066984e8a79e2eda9a54df7356322', 'jpg', '', 'Canon', 'Canon EOS 5D Mark II', '', '', '1/125', '5/1', 2, '200', '2009:09:15 22:54:19', 5, 0, '105/1'),
(201, '20111114 (15).jpg', '', '', '', 3710443, 4428, 2951, '6b0db5696ad55cee9fa09662ff34322c', 'jpg', '', 'Canon', 'Canon EOS 5D Mark II', '', '', '1/4000', '5/1', 3, '200', '2010:02:21 16:29:33', 2, 0, '200/1'),
(202, '20111114 (17).jpg', '', '', '', 794460, 2742, 1827, '6389c7be31859ec30c0a8a1e6a8dd9cb', 'jpg', '', 'Canon', 'Canon EOS 5D Mark II', '', '', '1/1600', '8/1', 3, '200', '2010:02:21 16:09:03', 2, 0, '200/1'),
(203, '20111116 (5).jpg', '', '', '', 3594484, 5616, 3744, 'd2317157a460989e9149728ffa108e25', 'jpg', '', 'Canon', 'Canon EOS 5D Mark II', '', '', '1/30', '14/5', 3, '160', '2010:06:01 11:07:46', 2, 0, '38/1'),
(204, '20111117 (4).jpg', '', '', '', 266059, 1166, 776, '848ae27b3db3c86a29dfdbf2a45b665d', 'jpg', '', 'Eastman Kodak Company', 'Kodak CLAS Digital Film Scanner / HR200', '', '', '', '', 0, '', '2006:03:30 05:05:00', 0, 0, ''),
(205, 'Baltic (20).jpg', '', '', '', 1833167, 4072, 2714, '30db40f124d21bba20282c296878b3a1', 'jpg', '', 'Canon', 'Canon EOS 5D Mark II', '', '', '1/60', '0/1', 1, '400', '2009:09:26 06:57:21', 2, 0, '50/1'),
(206, 'BVI (33).jpg', '', '', '', 2481707, 4332, 2888, 'c3424d79620da27915a499974da76804', 'jpg', '', 'Canon', 'Canon EOS 50D', '', '', '1/250', '28/5', 2, '250', '2009:03:02 08:38:27', 5, 0, '135/1'),
(207, 'BVI (34).jpg', '', '', '', 2533743, 4442, 2961, '90685ddc68a03acd0e8338ce14138708', 'jpg', '', 'Canon', 'Canon EOS 50D', '', '', '1/200', '28/5', 2, '640', '2009:03:02 08:46:23', 5, 0, '135/1'),
(208, 'FourthOfJuly (6).jpg', '', '', '', 2504232, 4353, 2902, 'b3004086b71d12d2ec1aa542caea81ef', 'jpg', '', 'Canon', 'Canon EOS 5D Mark II', '', 'Copyright: Casey McSpadden', '1/80', '14/5', 3, '400', '2011:07:04 15:32:43', 2, 0, '70/1'),
(209, 'IMG_3239-Edit.jpg', '', '', '', 1582145, 3197, 2131, 'a6f798260a9388850ff0fe2c43ace045', 'jpg', '', 'Canon', 'Canon EOS 5D Mark II', 'Photographer: Casey McSpadden', 'Copyright: Casey McSpadden', '1/60', '32/10', 3, '100', '2012:11:26 09:22:38', 2, 16, '70/1'),
(210, 'NewZealand (39).jpg', '', '', '', 2572601, 4402, 2935, 'cbdf301a9ab0ff017b10400c576d758f', 'jpg', '', 'Canon', 'Canon EOS 5D Mark II', '', '', '1/160', '4/1', 2, '640', '2009:06:09 15:32:32', 5, 0, '140/1'),
(211, 'NorthCarolina (1).jpg', '', '', '', 2955991, 4779, 3186, '47c8f6f018cbfeae6bee3e6876c310a2', 'jpg', '', 'Canon', 'Canon EOS 5D Mark II', '', '', '1/800', '9/2', 3, '200', '2010:03:17 12:08:14', 2, 0, '200/1'),
(212, 'Paris (1).jpg', '', '', '', 4820326, 4572, 3048, 'ce1cf63cf8d97b6a36f27b0ff9be5a68', 'jpg', '', 'Canon', 'Canon EOS 5D Mark II', '', '', '1/160', '4/1', 3, '3200', '2009:09:29 09:36:02', 2, 0, '200/1'),
(213, 'Paris (10).jpg', '', '', '', 2720343, 4313, 2875, 'a355914aade48337ab1b72c1164eb670', 'jpg', '', 'Canon', 'Canon EOS 5D Mark II', '', '', '1/250', '9/2', 3, '200', '2009:10:01 05:02:54', 2, 0, '200/1'),
(214, 'SanFrancisco (2).jpg', '', '', '', 3583430, 4218, 2812, '9cee4cc8f2430a2f31446b664d9dd0c7', 'jpg', '', 'Canon', 'Canon EOS 5D Mark II', '', '', '1/160', '4/1', 3, '1600', '2009:12:25 17:56:54', 2, 0, '200/1'),
(215, 'Seattle (7).jpg', '', '', '', 1944231, 3437, 2292, 'a8dd902fbaa5b97ce04bdd82bad5f9cc', 'jpg', '', 'Canon', 'Canon EOS 5D Mark II', '', '', '1/200', '4/1', 3, '1000', '2010:01:30 13:47:33', 2, 0, '200/1'),
(216, 'Whidbey (4).jpg', '', '', '', 1664155, 3166, 2111, '41c139ad33f498ae0aaa1555b590d260', 'jpg', '', 'Canon', 'Canon EOS 5D Mark II', '', 'Copyright: Casey McSpadden', '1/200', '4/1', 3, '100', '2011:06:19 12:11:07', 2, 0, '68/1'),
(217, '20111104 2 (1).jpg', '', '', '', 3963600, 5586, 3724, '9dfe9c51471cae674c86a30867735945', 'jpg', '', 'Canon', 'Canon EOS 5D Mark II', '', 'Copyright: Casey McSpadden', '1/2000', '28/5', 3, '100', '2010:07:29 20:28:59', 2, 0, '70/1'),
(218, '20111104 3 (1).jpg', '', '', '', 1749943, 4506, 3005, '116b058a55ff8b2541ef5548e4b5571c', 'jpg', '', 'Canon', 'Canon EOS 5D Mark II', '', 'Copyright: Casey McSpadden', '1/320', '14/5', 3, '100', '2010:08:01 20:22:46', 2, 0, '70/1'),
(219, '20111104 4 (1).jpg', '', '', '', 1934705, 2714, 4070, 'e9e4c536d9210011c5ed14bf0f40b909', 'jpg', '', 'Canon', 'Canon EOS 5D Mark II', '', 'Copyright: Casey McSpadden', '1/800', '28/5', 3, '100', '2010:08:15 07:33:42', 2, 0, '70/1'),
(220, '20111104 4.jpg', '', '', '', 2151466, 3522, 2347, 'fff907b21a2ddd576b492081043628de', 'jpg', '', 'Canon', 'Canon EOS 5D Mark II', '', 'Copyright: Casey McSpadden', '1/500', '9/2', 3, '100', '2011:02:04 17:31:28', 2, 0, '70/1'),
(221, '20111104 5.jpg', '', '', '', 7203633, 5616, 3744, 'ac5e34d902e0c6bd43b4a44b279855e7', 'jpg', '', 'Canon', 'Canon EOS 5D Mark II', '', 'Copyright: Casey McSpadden', '1/200', '11/1', 3, '100', '2011:02:05 14:36:31', 2, 0, '43/1'),
(222, '20111104 6.jpg', '', '', '', 5928719, 5029, 3353, 'b6bbae96e1683661ff1310612a09e55c', 'jpg', '', 'Canon', 'Canon EOS 5D Mark II', '', 'Copyright: Casey McSpadden', '1/80', '7/2', 3, '800', '2011:02:05 17:45:27', 2, 0, '70/1'),
(223, '20111107 (1).jpg', '', '', '', 4094280, 5616, 3744, '050e07a84c914c0ce0f2cc04dcebce90', 'jpg', '', 'Canon', 'Canon EOS 5D Mark II', '', 'Copyright: Casey McSpadden', '1/200', '11/1', 3, '100', '2010:08:17 11:52:57', 2, 0, '51/1'),
(224, '20111113 (3).jpg', '', '', '', 3952964, 5516, 3678, 'fd1c7d83a647e92a643da64a3e2f73f9', 'jpg', '', 'Canon', 'Canon EOS 5D Mark II', '', '', '1/80', '5/1', 2, '200', '2009:09:15 23:20:22', 5, 0, '53/1'),
(225, '20111113 (4).jpg', '', '', '', 3040386, 5409, 3606, '9f392920e4e1fc1a9358caaea1dafb25', 'jpg', '', 'Canon', 'Canon EOS 5D Mark II', '', '', '1/250', '10/1', 2, '200', '2009:09:16 00:22:17', 5, 0, '28/1'),
(226, '20111113.jpg', '', '', '', 3826878, 4930, 3288, '36114f173c950a5e5f4b5c4b5ddac097', 'jpg', '', 'Canon', 'Canon EOS 5D Mark II', '', '', '1/250', '71/10', 2, '200', '2009:09:15 06:51:09', 5, 0, '70/1'),
(227, '20111114 (5).jpg', '', '', '', 2913253, 4178, 2786, '651073b5e86b3cd077094e6eca567456', 'jpg', '', 'Canon', 'Canon EOS 5D Mark II', '', '', '1/125', '4/1', 2, '1600', '2009:09:17 09:38:30', 5, 0, '104/1'),
(228, '20111114 (6).jpg', '', '', '', 1707660, 4766, 3177, '1eb7f1639dab1e61e6f78d9f69f97c35', 'jpg', '', 'Canon', 'Canon EOS 5D Mark II', '', '', '1/200', '9/1', 2, '200', '2009:09:18 03:47:21', 5, 0, '38/1'),
(229, '20111114 (10).jpg', '', '', '', 5504543, 5616, 3744, 'd3bcefe6cd469e4f38f7c676a852d77b', 'jpg', '', 'Canon', 'Canon EOS 5D Mark II', '', '', '1/30', '9/2', 4, '800', '2009:09:18 05:52:12', 2, 0, '17/1'),
(230, '20111114 (11).jpg', '', '', '', 3845630, 5361, 3574, '44619d032ab537298f60f1775bdd369d', 'jpg', '', 'Canon', 'Canon EOS 5D Mark II', '', '', '1/30', '4/1', 3, '250', '2009:10:16 07:22:30', 2, 0, '38/1'),
(231, '20111114 (16).jpg', '', '', '', 3812932, 3690, 2461, '16beef978ec67aa1612608d73c9e01ee', 'jpg', '', 'Canon', 'Canon EOS 5D Mark II', '', '', '1/500', '8/1', 3, '200', '2010:02:21 17:33:07', 2, 0, '52/1'),
(232, '20111116 (3).jpg', '', '', '', 4625716, 3386, 5079, 'dfc432bd148398627a6ec15270bcd0fd', 'jpg', '', 'Canon', 'Canon EOS 5D Mark II', '', '', '1/13', '14/5', 3, '800', '2010:05:30 18:37:29', 2, 0, '65/1'),
(233, '20111116 (7).jpg', '', '', '', 3473020, 5616, 3744, 'ea55221ff76fa9a46f6d6346f95730c0', 'jpg', '', 'Canon', 'Canon EOS 5D Mark II', '', '', '1/320', '63/10', 3, '100', '2010:06:18 17:18:47', 2, 0, '63/1'),
(234, '20111116 (9).jpg', '', '', '', 1385044, 3628, 2419, 'cfc443409b78a9a6cd78daf854dd46f4', 'jpg', '', 'Canon', 'Canon EOS 5D Mark II', '', '', '1/320', '63/10', 3, '100', '2010:06:18 17:41:53', 2, 0, '70/1'),
(235, '20111116 (10).jpg', '', '', '', 2330477, 4927, 3286, '9f0653bcdcdfaebfd01073c9e868f0fa', 'jpg', '', 'Canon', 'Canon EOS 5D Mark II', '', '', '1/250', '63/10', 3, '100', '2010:06:18 17:44:43', 2, 0, '70/1'),
(236, '20111117 (1).jpg', '', '', '', 3128108, 5616, 3744, 'ece314e00b1c19041d071c1e317f6c53', 'jpg', '', 'Canon', 'Canon EOS 5D Mark II', '', 'Copyright: Casey McSpadden', '1/640', '8/1', 3, '100', '2010:07:27 14:48:31', 2, 0, '30/1'),
(237, '20111117 (3).jpg', '', '', '', 457140, 1265, 843, 'b1ba35d614a58d6c5bd0c168aa06feda', 'jpg', '', 'Eastman Kodak Company', 'Kodak CLAS Digital Film Scanner / HR200', '', '', '', '', 0, '', '2006:03:30 05:11:00', 0, 0, ''),
(238, '20111117 (7).jpg', '', '', '', 190506, 1052, 702, 'f82a62cfd6cadd5df9f97c54119086e5', 'jpg', '', 'Eastman Kodak Company', 'Kodak CLAS Digital Film Scanner / HR200', '', '', '', '', 0, '', '2006:03:26 07:27:00', 0, 0, ''),
(239, '20111118 (1).jpg', '', '', '', 2914510, 5573, 3715, 'a5a562be16de9fcfbfe74f2f77696bba', 'jpg', '', 'Canon', 'Canon EOS 5D Mark II', '', 'Copyright: Casey McSpadden', '1/160', '63/10', 3, '100', '2011:03:01 15:05:29', 2, 0, '48/1'),
(240, '20111118 (2).jpg', '', '', '', 1650991, 4369, 2912, '49c1d97243ccf605a8aae31b3de1962a', 'jpg', '', 'Canon', 'Canon EOS 5D Mark II', '', 'Copyright: Casey McSpadden', '1/125', '16/1', 3, '100', '2011:03:02 06:39:28', 2, 0, '25/1'),
(241, 'Baltic (2).jpg', '', '', '', 4781593, 3744, 5616, '1347be3f29732872c57fa71337e1fb24', 'jpg', '', 'Canon', 'Canon EOS 5D Mark II', '', '', '1/200', '9/2', 2, '200', '2009:09:18 07:27:25', 2, 0, '163/1'),
(242, 'Baltic (13).jpg', '', '', '', 3188796, 4905, 3270, 'cf0d36056da85f815c2f9b32fb723fb7', 'jpg', '', 'Canon', 'Canon EOS 5D Mark II', '', '', '1/640', '9/2', 3, '200', '2009:09:26 05:20:20', 2, 0, '113/1'),
(243, 'Baltic (17).jpg', '', '', '', 2554655, 4573, 3048, '9c6595f31ddfdb14e61465bfe81fa558', 'jpg', '', 'Canon', 'Canon EOS 5D Mark II', '', '', '1/30', '0/1', 1, '200', '2009:09:26 06:48:52', 2, 0, '50/1'),
(244, 'BVI (5).jpg', '', '', '', 1609946, 4159, 2772, 'a54b4472d9410116e937a8d20dc694da', 'jpg', '', 'Canon', 'Canon EOS 50D', '', '', '1/125', '28/5', 2, '100', '2009:02:26 12:58:30', 5, 0, '44/1'),
(245, 'BVI (9).jpg', '', '', '', 1770383, 4075, 2717, '0a4a11fd38afd0b8339a15bc5c67d642', 'jpg', '', 'Canon', 'Canon EOS 50D', '', '', '1/125', '63/10', 2, '100', '2009:02:25 14:09:31', 5, 0, '30/1'),
(246, 'Copenhagen (1).jpg', '', '', '', 1906823, 4200, 2800, '73ac29af21862aba92e6c1aff4f238d1', 'jpg', '', 'Canon', 'Canon EOS 5D Mark II', '', '', '1/1000', '8/1', 3, '200', '2009:09:28 01:49:13', 2, 0, '200/1'),
(247, 'Copenhagen.jpg', '', '', '', 6318776, 5616, 3744, 'b155c52e3a8d173ff8dd58389c3f57f7', 'jpg', '', 'Canon', 'Canon EOS 5D Mark II', '', '', '1/800', '4/1', 3, '200', '2009:09:28 01:23:15', 2, 0, '25/1'),
(248, 'DesMoines (3).jpg', '', '', '', 4206063, 3081, 3081, 'e41abaf15388be431c7db193dbc6b847', 'jpg', '', 'Canon', 'Canon EOS 5D Mark II', '', 'Copyright: Casey McSpadden', '1/50', '9/2', 3, '2000', '2011:12:10 14:10:01', 2, 0, '40/1'),
(249, 'DesMoines.jpg', '', '', '', 3537762, 5285, 3524, 'b89beb9f75b19911ffd84a1e7ae1acbd', 'jpg', '', 'Canon', 'Canon EOS 5D Mark II', '', 'Copyright: Casey McSpadden', '1/4', '5/1', 3, '400', '2011:12:09 16:12:16', 2, 0, '70/1'),
(250, 'Gdansk (3).jpg', '', '', '', 3442781, 3744, 5616, '2330e9b0564fcc7529945d1214c6f007', 'jpg', '', 'Canon', 'Canon EOS 5D Mark II', '', '', '1/25', '11/1', 3, '1000', '2009:09:25 04:21:55', 2, 0, '28/1'),
(251, 'Gdansk (9).jpg', '', '', '', 1884115, 4363, 2908, '989d2354b97bddece23ffbc1d76153b2', 'jpg', '', 'Canon', 'Canon EOS 5D Mark II', '', '', '1/500', '11/1', 3, '200', '2009:09:25 06:55:15', 2, 0, '131/1'),
(252, 'IMG_0511.jpg', '', '', '', 6987291, 3629, 5444, '9c7c1e445238d89a5bcf5f2f5d4b6cc5', 'jpg', '', 'Canon', 'Canon EOS 5D Mark II', 'Photographer: Casey McSpadden', 'Copyright: Casey McSpadden', '1/125', '11/1', 3, '100', '2012:09:19 18:17:58', 2, 16, '27/1'),
(253, 'IMG_0814-Edit-Edit.jpg', '', '', '', 6907165, 5616, 3744, '2d0f41fe968cf38bc5fbdfcaf941a1df', 'jpg', '', 'Canon', 'Canon EOS 5D Mark II', 'Photographer: Casey McSpadden', 'Copyright: Casey McSpadden', '1/400', '28/10', 3, '100', '2013:07:28 11:14:30', 2, 8, '70/1'),
(254, 'IMG_0886-Edit.jpg', '', '', '', 8846705, 4652, 3101, 'c12c00d4803aad691745f27575e6f0f3', 'jpg', '', 'Canon', 'Canon EOS 5D Mark II', '', '', '1/20', '28/10', 3, '3200', '2009:12:12 16:13:16', 2, 16, '46/1'),
(255, 'IMG_0991-Edit-Edit.jpg', '', '', '', 6055991, 3452, 3452, '308ace03639206e6cc66e2fcda0ab72d', 'jpg', '', 'Canon', 'Canon EOS 5D Mark II', 'Photographer: Casey McSpadden', 'Copyright: Casey McSpadden', '1/800', '8/1', 3, '400', '2012:09:30 17:33:24', 2, 0, '24/1'),
(256, 'IMG_1771-Edit.jpg', '', '', '', 8245390, 4688, 3125, '2107487c91c3f0a97e21d40a1ec9ab68', 'jpg', '', 'Canon', 'Canon EOS 5D Mark II', 'Photographer: Casey McSpadden', 'Copyright: Casey McSpadden', '1/50', '35/10', 2, '5000', '2012:10:17 13:16:55', 2, 16, '24/1'),
(257, 'IMG_3074-Edit.jpg', '', '', '', 6058771, 5616, 3744, '59ae8639f2edf0ebc10a5c226ed2e33a', 'jpg', '', 'Canon', 'Canon EOS 5D Mark II', 'Photographer: Casey McSpadden', 'Copyright: Casey McSpadden', '1/100', '45/10', 3, '200', '2012:11:20 17:57:08', 2, 8, '24/1'),
(258, 'IMG_3598-Edit.jpg', '', '', '', 6329986, 5253, 3502, 'a4bba3fdaef1ca1cd29f4edfec25d0de', 'jpg', '', 'Canon', 'Canon EOS 5D Mark II', 'Photographer: Casey McSpadden', 'Copyright: Casey McSpadden', '1/125', '8/1', 3, '100', '2012:12:02 09:11:59', 2, 8, '24/1'),
(259, 'IMG_3661-Edit-2.jpg', '', '', '', 5461200, 5114, 3409, '691b6456c1343768837e7e28b6b0c42e', 'jpg', '', 'Canon', 'Canon EOS 5D Mark II', 'Photographer: Casey McSpadden', 'Copyright: Casey McSpadden', '1/500', '8/1', 3, '100', '2012:12:03 10:23:26', 2, 16, '35/1'),
(260, 'IMG_5710-Edit.jpg', '', '', '', 4158719, 4826, 3218, '849a8f72e0ae02efef6bea479663e3c1', 'jpg', '', 'Canon', 'Canon EOS 5D Mark II', 'Photographer: Casey McSpadden', 'Copyright: Casey McSpadden', '1/200', '11/1', 3, '100', '2013:03:20 16:31:59', 2, 8, '38/1'),
(261, 'IMG_6170-Edit.jpg', '', '', '', 7141778, 3744, 3744, '051ddf7b34157cf5f7d3b9ffb168331c', 'jpg', '', 'Canon', 'Canon EOS 5D Mark II', 'Photographer: Casey McSpadden', 'Copyright: Casey McSpadden', '1/200', '63/10', 3, '160', '2013:03:23 18:33:41', 2, 8, '200/1'),
(262, 'IMG_6625-Edit.jpg', '', '', '', 7241085, 5616, 3744, '75d3578b7b0ea73473a24f94322a90fe', 'jpg', '', 'Canon', 'Canon EOS 5D Mark II', 'Photographer: Casey McSpadden', 'Copyright: Casey McSpadden', '1/500', '8/1', 3, '100', '2013:03:25 16:21:54', 2, 16, '176/1'),
(263, 'IMG_6988-Edit-Edit.jpg', '', '', '', 2868888, 3557, 2370, 'f25158de7cf44f434dd3cf7cb187cefe', 'jpg', '', 'Canon', 'Canon EOS 5D Mark II', 'Photographer: Casey McSpadden', 'Copyright: Casey McSpadden', '1/125', '56/10', 3, '100', '2013:04:27 16:51:48', 2, 8, '70/1'),
(264, 'IMG_7162-Edit.jpg', '', '', '', 5486807, 5329, 3553, 'b71510ce88899eeefff17b0a997fe2a0', 'jpg', '', 'Canon', 'Canon EOS 5D Mark II', 'Photographer: Casey McSpadden', 'Copyright: Casey McSpadden', '1/500', '11/1', 3, '100', '2013:05:08 12:50:24', 2, 8, '57/1'),
(265, 'IMG_7441.jpg', '', '', '', 7172764, 5616, 3744, '88576bef54493108396c8825379c290c', 'jpg', '', 'Canon', 'Canon EOS 5D Mark II', 'Photographer: Casey McSpadden', 'Copyright: Casey McSpadden', '1/160', '16/1', 3, '100', '2013:05:15 12:37:29', 2, 16, '45/1'),
(266, 'IMG_7665-Edit.jpg', '', '', '', 6113504, 5616, 3744, '6dc4c1fa4e6a32c2b0b3c27bb07b6c80', 'jpg', '', 'Canon', 'Canon EOS 5D Mark II', 'Photographer: Casey McSpadden', 'Copyright: Casey McSpadden', '1/800', '8/1', 3, '100', '2013:05:19 08:19:01', 2, 8, '60/1'),
(267, 'IMG_7765-Edit-2.jpg', '', '', '', 5295289, 4829, 3219, 'f447e4dd2a89fbcbd429671ed04a0a34', 'jpg', '', 'Canon', 'Canon EOS 5D Mark II', 'Photographer: Casey McSpadden', 'Copyright: Casey McSpadden', '1/4000', '28/10', 3, '100', '2013:05:20 13:34:16', 2, 16, '24/1'),
(268, 'IMG_7783-Edit-2.jpg', '', '', '', 4067982, 4710, 3140, 'd02b867560b8c470cf20d74e87a5bedb', 'jpg', '', 'Canon', 'Canon EOS 5D Mark II', 'Photographer: Casey McSpadden', 'Copyright: Casey McSpadden', '1/640', '5/1', 3, '200', '2013:05:20 13:56:25', 2, 8, '70/1'),
(269, 'IMG_9347-Edit.jpg', '', '', '', 2133830, 3689, 2459, '0ff13b0c661de64e4694abb227ff5bce', 'jpg', '', 'Canon', 'Canon EOS 5D Mark II', 'Photographer: Casey McSpadden', 'Copyright: Casey McSpadden', '1/1', '8/1', 9, '100', '2013:06:23 05:43:41', 2, 8, '200/1'),
(270, 'IMG_9389-Edit-2.jpg', '', '', '', 9576881, 5104, 3403, 'a4711079e2248511a2252b8568c56abc', 'jpg', '', 'Canon', 'Canon EOS 5D Mark II', '', '', '1/50', '4/1', 3, '3200', '2009:10:02 11:10:25', 2, 16, '109/1'),
(271, 'KansasCity (21).jpg', '', '', '', 3799885, 5616, 3744, 'a301011d3e1e8e73d62b0e4ec81767b9', 'jpg', '', 'Canon', 'Canon EOS 5D Mark II', '', 'Copyright: Casey McSpadden', '1/60', '9/2', 3, '100', '2010:10:30 15:51:42', 2, 0, '57/1'),
(272, 'KansasCity (22).jpg', '', '', '', 3914024, 5293, 3529, 'cf2c1eaa25d56f79f29acd19460d10b6', 'jpg', '', 'Canon', 'Canon EOS 5D Mark II', '', 'Copyright: Casey McSpadden', '1/50', '4/1', 3, '100', '2010:10:30 15:59:45', 2, 0, '38/1'),
(273, 'KansasCity (23).jpg', '', '', '', 5213257, 4974, 3316, '32de7424b8498a43adc6806c4ab86053', 'jpg', '', 'Canon', 'Canon EOS 5D Mark II', '', 'Copyright: Casey McSpadden', '1/100', '14/5', 3, '800', '2010:10:30 16:22:18', 2, 0, '67/1'),
(274, 'KansasCity (31).jpg', '', '', '', 1686689, 4432, 2955, '68b6547a2e1de5b5cb6c644c270a8da3', 'jpg', '', 'Canon', 'Canon EOS 5D Mark II', '', '', '1/320', '8/1', 3, '100', '2010:06:20 08:53:45', 2, 0, '68/1'),
(275, 'KansasMove (6).jpg', '', '', '', 3517771, 5042, 3361, '1e300ee66bb40a51ba32fcf31bc17a50', 'jpg', '', 'Canon', 'Canon EOS 5D Mark II', '', 'Copyright: Casey McSpadden', '1/200', '11/1', 3, '100', '2011:08:07 09:19:37', 2, 0, '43/1'),
(276, 'KansasMove (8).jpg', '', '', '', 1548664, 2736, 1824, 'd55c75524a25c789bb2bcf4db6a71a11', 'jpg', '', 'Canon', 'Canon EOS 5D Mark II', '', 'Copyright: Casey McSpadden', '1/200', '8/1', 3, '100', '2011:08:09 13:35:04', 2, 0, '70/1'),
(277, 'LongBeach (1).jpg', '', '', '', 1202559, 1908, 2862, 'dee1bb9a75bee9b6e82786727afb537e', 'jpg', '', 'Canon', 'Canon EOS 5D Mark II', '', 'Copyright: Casey McSpadden', '1/400', '71/10', 3, '100', '2011:07:14 18:40:51', 2, 0, '65/1'),
(278, 'LongBeach (3).jpg', '', '', '', 3436523, 2502, 3753, '121c13e3d3de770476802a1670ba7b6d', 'jpg', '', 'Canon', 'Canon EOS 5D Mark II', '', 'Copyright: Casey McSpadden', '1/1250', '8/1', 3, '100', '2011:07:14 17:49:59', 2, 0, '45/1'),
(279, 'LongBeach.jpg', '', '', '', 1270740, 1908, 2862, '587e377e51b0db7cc1a48024b34b28b6', 'jpg', '', 'Canon', 'Canon EOS 5D Mark II', '', 'Copyright: Casey McSpadden', '1/400', '71/10', 3, '100', '2011:07:14 18:40:51', 2, 0, '65/1'),
(280, 'Lubeck (2).jpg', '', '', '', 7008218, 5424, 3616, '5cc34743adb7c8c4a586d1699d01f0de', 'jpg', '', 'Canon', 'Canon EOS 5D Mark II', '', '', '1/50', '9/2', 3, '3200', '2009:09:27 07:02:09', 2, 0, '105/1'),
(281, 'Midwest (1).jpg', '', '', '', 4736431, 5616, 3744, '67eed67fb0db6e7fabbbd53f21c789c7', 'jpg', '', 'Canon', 'Canon EOS 5D Mark II', '', '', '1/125', '28/5', 3, '200', '2010:02:06 16:00:50', 2, 0, '30/1'),
(282, 'Midwest (2).jpg', '', '', '', 4297006, 4530, 3020, '3fe30befacfe9457daa69d3636f0c4ab', 'jpg', '', 'Canon', 'Canon EOS 5D Mark II', '', '', '1/60', '28/5', 3, '500', '2010:02:06 16:11:16', 2, 0, '63/1'),
(283, 'Midwest (3).jpg', '', '', '', 5548824, 5298, 3532, 'db0eb9bf7a8867adedb39567f7652a0c', 'jpg', '', 'Canon', 'Canon EOS 5D Mark II', '', '', '1/60', '28/5', 3, '200', '2010:02:07 09:30:52', 2, 0, '45/1'),
(284, 'Midwest.jpg', '', '', '', 4691057, 5359, 3570, 'fcdd883ee507e84b03599e1cfd9a9426', 'jpg', '', 'Canon', 'Canon EOS 5D Mark II', '', '', '1/100', '28/5', 3, '200', '2010:02:06 15:57:02', 2, 0, '88/1'),
(285, 'NewZealand (10).jpg', '', '', '', 4668260, 4917, 3278, '1086fd85478a508a7ee633b2cbb1dbd6', 'jpg', 'Wellington Cable Car', 'Canon', 'Canon EOS 5D Mark II', '', 'Copyright © 2010 Casey McSpadden All Rights Reserved casey@cros', '1/200', '9/1', 2, '100', '2009:06:07 16:40:26', 5, 0, '17/1'),
(286, 'NewZealand (29).jpg', '', '', '', 3997483, 5321, 3548, '8dc147c06f7090b61ff133ad16bac417', 'jpg', '', 'Canon', 'Canon EOS 5D Mark II', '', '', '1/125', '8/1', 2, '100', '2009:06:03 15:11:55', 5, 0, '31/1'),
(287, 'NorthernCalifornia (3).jpg', '', '', '', 5076070, 5529, 3686, '491fdbd00ef7181e72995df9ac2fa463', 'jpg', '', '', '', '', '', '1/200', '10/1', 2, '100', '2009:06:28 11:20:46', 5, 0, '40/1'),
(288, 'Paris (6).jpg', '', '', '', 4362059, 3744, 5616, 'bbfa09b4f22f5cbccb1efc50dee220b2', 'jpg', '', 'Canon', 'Canon EOS 5D Mark II', '', '', '1/1000', '8/1', 3, '200', '2009:09:30 04:20:13', 2, 0, '33/1'),
(289, 'Paris (14).jpg', '', '', '', 6659398, 5266, 3510, '5a77df627875b92c3ca1d27584552729', 'jpg', '', 'Canon', 'Canon EOS 5D Mark II', '', '', '1/10', '4/1', 3, '3200', '2009:10:02 11:26:23', 2, 0, '29/1'),
(290, 'Paris.jpg', '', '', '', 6016794, 5616, 3744, '557e9dadea02db556059de1966d95594', 'jpg', '', 'Canon', 'Canon EOS 5D Mark II', '', '', '1/80', '4/1', 3, '250', '2009:09:29 04:54:37', 2, 0, '70/1'),
(291, 'Prairie 4.jpg', '', '', '', 4980042, 5323, 3549, '43287425d9d5af452c53661a28102859', 'jpg', '', 'Canon', 'Canon EOS 5D Mark II', '', 'Copyright: Casey McSpadden', '1/500', '8/1', 3, '100', '2011:08:05 18:42:44', 2, 0, '32/1'),
(292, 'Prairie 5.jpg', '', '', '', 6624636, 5616, 3744, '2d763449dc47637066202dcf92f747ef', 'jpg', '', 'Canon', 'Canon EOS 5D Mark II', '', 'Copyright: Casey McSpadden', '1/400', '8/1', 3, '100', '2011:08:06 06:04:20', 2, 0, '34/1'),
(293, 'Prairie 7.jpg', '', '', '', 3157658, 4063, 2708, '82a89f20570645f92b030bd9411d56ac', 'jpg', '', 'Canon', 'Canon EOS 5D Mark II', '', 'Copyright: Casey McSpadden', '1/400', '8/1', 3, '100', '2011:08:06 12:06:43', 2, 0, '60/1'),
(294, 'Prairie 8.jpg', '', '', '', 3991432, 4789, 3192, '5645b291dcd0e107f50425f0bb542db6', 'jpg', '', 'Canon', 'Canon EOS 5D Mark II', '', 'Copyright: Casey McSpadden', '1/320', '8/1', 3, '100', '2011:08:06 12:07:03', 2, 0, '54/1'),
(295, 'Prairie 10.jpg', '', '', '', 5249982, 4897, 3265, '0913ba65fa7907631e445826afb7740c', 'jpg', '', 'Canon', 'Canon EOS 5D Mark II', '', 'Copyright: Casey McSpadden', '1/200', '8/1', 3, '100', '2011:08:06 13:56:48', 2, 0, '70/1'),
(296, 'Prairie 11.jpg', '', '', '', 4264455, 5321, 3547, '101550ed8f0ee8a80e4a5cd7be073d16', 'jpg', '', 'Canon', 'Canon EOS 5D Mark II', '', 'Copyright: Casey McSpadden', '1/400', '11/1', 3, '100', '2011:08:07 13:14:44', 2, 0, '38/1'),
(297, 'Riga (12).jpg', '', '', '', 2696776, 5207, 3472, '7ebbbb857acd0cf8abf9b9ec674f710f', 'jpg', '', 'Canon', 'Canon EOS 5D Mark II', '', '', '1/1600', '28/5', 3, '200', '2009:09:21 02:32:47', 2, 0, '122/1'),
(298, 'Riga (13).jpg', '', '', '', 2612364, 4342, 2894, '73464b87f0e048bd31fafaff55c9e3fc', 'jpg', '', 'Canon', 'Canon EOS 5D Mark II', '', '', '1/2500', '28/5', 3, '200', '2009:09:21 02:41:57', 2, 0, '200/1'),
(299, 'Riga (15).jpg', '', '', '', 1043056, 3579, 2386, 'fac6af4c29ca0c55e210992669f570c2', 'jpg', '', 'Canon', 'Canon EOS 5D Mark II', '', '', '1/640', '16/1', 3, '200', '2009:09:21 03:16:52', 2, 0, '98/1'),
(300, 'RomePantheon.jpg', '', '', '', 4881456, 5616, 3744, '5529e6fbe1433deeac32eb2fe384b078', 'jpg', '', 'Canon', 'Canon EOS 5D Mark II', '', '', '1/60', '4/1', 2, '2500', '2009:09:12 01:47:33', 5, 0, '65/1'),
(301, 'SalemiStairway.jpg', '', '', '', 2254014, 3028, 4542, 'a6618c51354b7e86cba9dd8bd13424c2', 'jpg', '', 'Canon', 'Canon EOS 5D Mark II', '', '', '1/60', '9/2', 2, '1000', '2009:09:08 03:21:41', 5, 0, '60/1'),
(302, 'Seattle (9).jpg', '', '', '', 2294256, 3484, 2322, '49b71562d27173fe1fca614ae0f08ad0', 'jpg', '', 'Canon', 'Canon EOS 5D Mark II', '', '', '1/100', '4/1', 3, '200', '2010:02:14 16:45:36', 2, 0, '70/1'),
(303, 'SicilyErice.jpg', '', '', '', 4558688, 5304, 3536, '3e44aa133b463070122a714f02cdd01c', 'jpg', '', 'Canon', 'Canon EOS 5D Mark II', '', '', '1/320', '13/1', 2, '200', '2009:09:10 02:06:29', 5, 0, '17/1'),
(304, 'SicilySegesta.jpg', '', '', '', 3799931, 4918, 3279, 'd03cec304fa565cc0f72781bc859451c', 'jpg', '', 'Canon', 'Canon EOS 5D Mark II', '', '', '1/400', '28/5', 2, '200', '2009:09:07 08:54:11', 5, 0, '200/1'),
(305, 'SicilyTonnara (1).jpg', '', '', '', 6268443, 3744, 5616, '422df8b6a4f3b72e9d618a206a956725', 'jpg', '', 'Canon', 'Canon EOS 5D Mark II', '', '', '1/160', '9/1', 2, '200', '2009:09:09 22:11:41', 5, 0, '17/1'),
(306, 'SicilyTonnara.jpg', '', '', '', 3097353, 5095, 3394, '889345bf338e814cde16a4d41fffeac8', 'jpg', '', 'Canon', 'Canon EOS 5D Mark II', '', '', '1/13', '7/2', 2, '3200', '2009:09:09 10:38:47', 5, 0, '28/1'),
(307, 'SnowDayLarge 001.jpg', '', '', '', 7795585, 5616, 3744, 'acc853d92bf457311be548b3b0ffd297', 'jpg', '', 'Canon', 'Canon EOS 5D Mark II', '', 'Copyright: Casey McSpadden', '1/125', '5/1', 3, '100', '2012:01:18 14:32:12', 2, 0, '24/1'),
(308, 'SnowDayLarge 002.jpg', '', '', '', 4204600, 5442, 3628, 'd892bd21ee10eb971a5df95f0e4ac819', 'jpg', '', 'Canon', 'Canon EOS 5D Mark II', '', 'Copyright: Casey McSpadden', '1/80', '5/1', 3, '100', '2012:01:18 14:34:08', 2, 0, '24/1'),
(309, 'SnowDayLarge 003.jpg', '', '', '', 7741792, 4840, 3227, 'cb5f5cdd4958966178cb457a3e36cc56', 'jpg', '', 'Canon', 'Canon EOS 5D Mark II', '', 'Copyright: Casey McSpadden', '1/200', '28/5', 3, '100', '2012:01:18 14:52:23', 2, 0, '70/1'),
(310, 'SnowDayLarge 004.jpg', '', '', '', 3123078, 5039, 3359, 'e72014a75df15f96230d811daaabba9b', 'jpg', '', 'Canon', 'Canon EOS 5D Mark II', '', 'Copyright: Casey McSpadden', '1/100', '8/1', 3, '100', '2012:01:18 15:02:08', 2, 0, '51/1'),
(311, 'SnowDayLarge 006.jpg', '', '', '', 4166556, 5616, 3744, 'b91672d35e1ec0155dc388012b2a933f', 'jpg', '', 'Canon', 'Canon EOS 5D Mark II', '', 'Copyright: Casey McSpadden', '1/100', '28/5', 3, '100', '2012:01:18 15:25:46', 2, 0, '70/1'),
(312, 'SnowDayLarge 008.jpg', '', '', '', 2569830, 5114, 3410, 'd6aeba315573b38115c4804a12497a8e', 'jpg', '', 'Canon', 'Canon EOS 5D Mark II', '', 'Copyright: Casey McSpadden', '1/100', '28/5', 3, '100', '2012:01:18 15:37:21', 2, 0, '200/1'),
(313, 'SnowDayLarge 009.jpg', '', '', '', 1659909, 4070, 2714, '3a5f35402b2b49a9ddc3f86110d39305', 'jpg', '', 'Canon', 'Canon EOS 5D Mark II', '', 'Copyright: Casey McSpadden', '1/200', '28/5', 3, '100', '2012:01:18 15:39:49', 2, 0, '126/1'),
(314, 'SnowDayLarge 010.jpg', '', '', '', 1651390, 3269, 3269, 'cf208a5bb9917e9c4d2bb00a6edf0ff5', 'jpg', '', 'Canon', 'Canon EOS 5D Mark II', '', 'Copyright: Casey McSpadden', '1/80', '5/1', 3, '100', '2012:01:18 15:50:38', 2, 0, '200/1'),
(315, 'Stockholm (3).jpg', '', '', '', 2212899, 3870, 2577, '0fc7f5f8aab3e6f7e0dd2065da1f9687', 'jpg', '', 'Canon', 'Canon EOS 5D Mark II', '', '', '1/125', '11/1', 3, '200', '2009:09:23 05:34:20', 2, 0, '17/1'),
(316, 'Stockholm (6).jpg', '', '', '', 2317969, 3716, 2477, 'ba7a359083b4b00760689017776b09de', 'jpg', '', 'Canon', 'Canon EOS 5D Mark II', '', '', '1/80', '28/5', 3, '3200', '2009:09:23 07:25:05', 2, 0, '70/1'),
(317, 'StPetersburg (1).jpg', '', '', '', 3271814, 5101, 3401, '0ac4d521f2e95b12db881c2765063d50', 'jpg', '', 'Canon', 'Canon EOS 5D Mark II', '', '', '1/60', '9/2', 2, '400', '2009:09:14 08:24:02', 5, 0, '75/1');
INSERT INTO `photos` (`id`, `fileName`, `title`, `description`, `keywords`, `fileSize`, `width`, `height`, `hash`, `extension`, `exifImageDescription`, `exifMake`, `exifModel`, `exifArtist`, `exifCopyright`, `exifExposureTime`, `exifFNumber`, `exifExposureProgram`, `exifISOSpeedRatings`, `exifDateTimeOriginal`, `exifMeteringMode`, `exifFlash`, `exifFocalLength`) VALUES
(318, 'StPetersburg (6).jpg', '', '', '', 2208937, 3117, 4676, 'a409cd68ff585379a29fa16f7293d72d', 'jpg', '', 'Canon', 'Canon EOS 5D Mark II', '', '', '1/200', '63/10', 2, '200', '2009:09:16 06:19:12', 5, 0, '105/1'),
(319, 'StPetersburg (7).jpg', '', '', '', 3226377, 4258, 2838, 'a52b6e9dcc958ceb66ee481d06b8a11c', 'jpg', '', 'Canon', 'Canon EOS 5D Mark II', '', '', '1/400', '8/1', 2, '200', '2009:09:17 07:56:21', 5, 0, '126/1'),
(320, 'TacomaNarrows.jpg', '', '', '', 3377601, 5157, 3438, '77528abb494bf809806e90d439879801', 'jpg', '', 'Canon', 'Canon EOS 5D Mark II', '', 'Copyright: Casey McSpadden', '1/250', '8/1', 3, '100', '2012:04:21 16:50:43', 2, 16, '70/1'),
(321, 'VancouverBC.jpg', '', '', '', 3634198, 5272, 3514, '1367dcc9974e2c7a397b31969224b598', 'jpg', '', 'Canon', 'Canon EOS 5D Mark II', '', 'Copyright: Casey McSpadden', '1/100', '16/5', 3, '100', '2012:01:07 16:16:33', 2, 16, '51/1'),
(322, 'Whidbey (1).jpg', '', '', '', 2842914, 4356, 2904, 'b1f197145df4a57c01edc420509b73a5', 'jpg', '', 'Canon', 'Canon EOS 5D Mark II', '', 'Copyright: Casey McSpadden', '1/500', '8/1', 3, '100', '2010:07:21 12:42:55', 2, 0, '55/1'),
(323, 'Winter2011 1.jpg', '', '', '', 10389210, 5616, 3744, '9666609f4ab82f2db10684601667a2c5', 'jpg', '', 'Canon', 'Canon EOS 5D Mark II', '', 'Copyright: Casey McSpadden', '1/80', '8/1', 3, '100', '2011:02:25 11:41:12', 2, 0, '50/1'),
(324, 'Wyoming.jpg', '', '', '', 3354426, 5541, 3694, '1a9bc9b2bab1f696736dc69080057c4c', 'jpg', '', 'Canon', 'Canon EOS 5D Mark II', '', 'Copyright: Casey McSpadden', '1/800', '8/1', 3, '100', '2011:07:31 13:40:18', 2, 0, '46/1'),
(325, '20111114 (1).jpg', '', '', '', 1441872, 3815, 2538, '49900e447dba4735d5aa896fafd46299', 'jpg', '', 'Canon', 'Canon EOS 5D Mark II', '', '', '1/30', '7/2', 2, '2000', '2009:09:16 01:31:35', 5, 0, '28/1'),
(326, '20111114.jpg', '', '', '', 1934849, 2892, 4338, '06d075a8e9033317c81adcac5cfd5506', 'jpg', '', 'Canon', 'Canon EOS 5D Mark II', '', '', '1/100', '63/10', 2, '200', '2009:09:16 00:45:55', 5, 0, '48/1'),
(327, '20111116 (4).jpg', '', '', '', 5562042, 3524, 5286, '3190a1570d4975e49e94b69ae860353f', 'jpg', '', 'Canon', 'Canon EOS 5D Mark II', '', '', '1/20', '14/5', 3, '800', '2010:05:30 18:42:43', 2, 0, '54/1'),
(328, '20111116 (6).jpg', '', '', '', 2124723, 3998, 2665, '3cefa6c80c45ce22271bed0ba176725e', 'jpg', '', 'Canon', 'Canon EOS 5D Mark II', '', '', '1/125', '63/10', 3, '100', '2010:06:18 17:23:44', 2, 0, '62/1'),
(329, '20111116 (8).jpg', '', '', '', 1490764, 3027, 4542, '2d6f93030c358eecdfc2873ac443fb90', 'jpg', '', 'Canon', 'Canon EOS 5D Mark II', '', '', '1/320', '63/10', 3, '100', '2010:06:18 17:33:02', 2, 0, '51/1'),
(330, '20111116 (11).jpg', '', '', '', 2866750, 3744, 5616, '0d6f5454cfb180c3ae0f2ead1b936b65', 'jpg', '', 'Canon', 'Canon EOS 5D Mark II', '', '', '1/400', '14/5', 3, '100', '2010:06:18 17:53:30', 2, 0, '24/1'),
(331, '20111116 (13).jpg', '', '', '', 4873394, 2816, 4224, '9f24080b02e043354acf29b8b4055665', 'jpg', '', 'Canon', 'Canon EOS 5D Mark II', '', '', '1/500', '8/1', 3, '200', '2010:04:18 10:03:35', 2, 0, '43/1'),
(332, '20111116 (14).jpg', '', '', '', 7429363, 5616, 3744, '3186911291e11fc5418228cb3b4039b0', 'jpg', '', 'Canon', 'Canon EOS 5D Mark II', '', '', '1/200', '8/1', 3, '200', '2010:04:18 10:03:51', 2, 0, '60/1'),
(333, '20111116 (15).jpg', '', '', '', 10845429, 3744, 5616, 'bacd2c8b29972c252a8f0449e721276e', 'jpg', '', 'Canon', 'Canon EOS 5D Mark II', '', '', '1/3200', '14/5', 3, '200', '2009:11:01 14:06:42', 2, 0, '30/1'),
(334, '20111117 (6).jpg', '', '', '', 345370, 862, 1293, '6e68ad1376d67c41234715e86ab2ec77', 'jpg', '', 'Eastman Kodak Company', 'Kodak CLAS Digital Film Scanner / HR200', '', '', '', '', 0, '', '2006:03:26 07:23:00', 0, 0, ''),
(335, '20111117 (12).jpg', '', '', '', 186828, 939, 626, 'a9ae9527a4ff95f41170da587217e2d5', 'jpg', '', 'Eastman Kodak Company', 'Kodak CLAS Digital Film Scanner / HR200', '', '', '', '', 0, '', '2006:03:29 02:19:00', 0, 0, ''),
(336, '20111117 (13).jpg', '', '', '', 285915, 1216, 810, 'e100a63109578d2869a69b83fe848bc1', 'jpg', '', 'Eastman Kodak Company', 'Kodak CLAS Digital Film Scanner / HR200', '', '', '', '', 0, '', '2006:03:30 05:05:00', 0, 0, ''),
(337, '20111117 (14).jpg', '', '', '', 377310, 1265, 843, 'f9795732628947e7926a1c5fe8883b59', 'jpg', '', 'Eastman Kodak Company', 'Kodak CLAS Digital Film Scanner / HR200', '', '', '', '', 0, '', '2006:03:30 05:11:00', 0, 0, ''),
(338, '20111117.jpg', '', '', '', 2850024, 4037, 2691, '4ea9065e50b973550724d3bdb0140afb', 'jpg', '', 'Canon', 'Canon EOS 5D Mark II', '', 'Copyright: Casey McSpadden', '1/800', '5/1', 3, '100', '2011:05:14 11:57:35', 2, 0, '24/1'),
(339, '20111118 (4).jpg', '', '', '', 118501, 727, 484, '7bccafda183976d7f14aa9b9935efeb1', 'jpg', '', 'Eastman Kodak Company', 'Kodak CLAS Digital Film Scanner / HR200', '', '', '', '', 0, '', '2006:03:29 00:58:00', 0, 0, ''),
(340, 'Baltic (1).jpg', '', '', '', 5134974, 4351, 2900, 'fedad7da7874e172e1a7bc9989648363', 'jpg', '', 'Canon', 'Canon EOS 5D Mark II', '', '', '1/100', '9/2', 2, '800', '2009:09:18 06:46:40', 2, 0, '88/1'),
(341, 'Baltic (3).jpg', '', '', '', 2186236, 3103, 2068, '0bec1245633809a6a2b245ff7cf7f9dc', 'jpg', '', 'Canon', 'Canon EOS 5D Mark II', '', '', '1/100', '16/5', 3, '3200', '2009:09:18 14:05:45', 2, 0, '85/1'),
(342, 'Baltic (5).jpg', '', '', '', 1830442, 5414, 3609, '9a34d47a4a615ab7c74b9157d63965b1', 'jpg', '', 'Canon', 'Canon EOS 5D Mark II', '', '', '1/200', '11/1', 3, '1600', '2009:09:22 05:31:14', 2, 0, '200/1'),
(343, 'Baltic (6).jpg', '', '', '', 2835767, 5078, 3380, '2455d0a082f03ef4a37674a97565165f', 'jpg', '', 'Canon', 'Canon EOS 5D Mark II', '', '', '1/200', '4/1', 3, '200', '2009:09:22 05:59:00', 2, 0, '200/1'),
(344, 'Baltic (7).jpg', '', '', '', 2163993, 4502, 2996, '703fe27c793fc73ecd4a902ae7b4c137', 'jpg', '', 'Canon', 'Canon EOS 5D Mark II', '', '', '1/100', '4/1', 3, '200', '2009:09:22 06:53:55', 2, 0, '21/1'),
(345, 'Baltic (8).jpg', '', '', '', 3606141, 4953, 3293, 'c78fedbbc420bd5d9abaffaa2e208d18', 'jpg', '', 'Canon', 'Canon EOS 5D Mark II', '', '', '1/200', '4/1', 3, '320', '2009:09:22 07:02:50', 2, 0, '200/1'),
(346, 'Baltic (9).jpg', '', '', '', 3826918, 4315, 2873, '2a5b7cc3206ba33192e50370121cd9b3', 'jpg', '', 'Canon', 'Canon EOS 5D Mark II', '', '', '1/200', '28/5', 3, '800', '2009:09:22 07:20:05', 2, 0, '200/1'),
(347, 'Baltic (10).jpg', '', '', '', 5357295, 5320, 3542, '16f732d5b7b86fdbcada35ceb3599294', 'jpg', '', 'Canon', 'Canon EOS 5D Mark II', '', '', '1/200', '28/5', 3, '500', '2009:09:22 07:20:06', 2, 0, '200/1'),
(348, 'Baltic (11).jpg', '', '', '', 1986691, 5239, 3492, '9991722967fd725726d4bdaabda63d9d', 'jpg', '', 'Canon', 'Canon EOS 5D Mark II', '', '', '1/1000', '4/1', 3, '200', '2009:09:24 09:27:42', 2, 0, '55/1'),
(349, 'Baltic (12).jpg', '', '', '', 3882654, 5571, 3714, '95e42e5ce14ebb9efae831ec78bec4e0', 'jpg', '', 'Canon', 'Canon EOS 5D Mark II', '', '', '1/800', '9/2', 3, '200', '2009:09:26 05:20:24', 2, 0, '159/1'),
(350, 'Baltic (14).jpg', '', '', '', 1638371, 3748, 2499, '9d74d34ca1174a99a1aff0eabc46c0c3', 'jpg', '', 'Canon', 'Canon EOS 5D Mark II', '', '', '1/320', '9/2', 3, '200', '2009:09:26 05:22:51', 2, 0, '200/1'),
(351, 'Baltic (15).jpg', '', '', '', 1180265, 3271, 2181, '318f40e506ce2947190847641df1b323', 'jpg', '', 'Canon', 'Canon EOS 5D Mark II', '', '', '1/500', '9/2', 3, '200', '2009:09:26 05:22:38', 2, 0, '200/1'),
(352, 'Baltic (16).jpg', '', '', '', 1808092, 4241, 2827, '71bac3d6463d3ddad17a7d7f638cb5a8', 'jpg', '', 'Canon', 'Canon EOS 5D Mark II', '', '', '1/100', '9/2', 3, '1600', '2009:09:26 06:17:13', 2, 0, '105/1'),
(353, 'Baltic (18).jpg', '', '', '', 2407104, 4564, 3042, '2c16cee6e777fed57412dca4ee5943a7', 'jpg', '', 'Canon', 'Canon EOS 5D Mark II', '', '', '1/40', '0/1', 1, '400', '2009:09:26 06:52:18', 2, 0, '50/1'),
(354, 'Baltic (19).jpg', '', '', '', 1861933, 4072, 2714, 'e67ffdbfe2ee45919cf421688aabc57b', 'jpg', '', 'Canon', 'Canon EOS 5D Mark II', '', '', '1/60', '0/1', 1, '400', '2009:09:26 06:57:21', 2, 0, '50/1'),
(355, 'Baltic.jpg', '', '', '', 2414503, 4010, 2673, '96f2d7bf4d1ef2b7171404ae8170e96c', 'jpg', '', 'Canon', 'Canon EOS 5D Mark II', '', '', '1/30', '4/1', 2, '400', '2009:09:18 06:41:40', 2, 0, '35/1'),
(356, 'BVI (1).jpg', '', '', '', 2482450, 4117, 2744, 'caa0d3cd6ead3589a1ddc837c72687be', 'jpg', '', 'Canon', 'Canon EOS 50D', '', '', '1/80', '9/2', 2, '100', '2009:02:25 14:08:26', 5, 0, '41/1'),
(357, 'BVI (2).jpg', '', '', '', 1516425, 3814, 2543, 'add2ad53ef4ea909ea67795f06423e7c', 'jpg', '', 'Canon', 'Canon EOS 50D', '', '', '1/125', '5/1', 2, '125', '2009:02:25 14:07:04', 5, 0, '65/1'),
(358, 'BVI (3).jpg', '', '', '', 1903921, 3529, 2352, '4096e12393ba98b3c1a2477f714ce986', 'jpg', '', '', '', '', '', '1/320', '8/1', 2, '100', '2009:02:26 09:01:35', 5, 0, '90/1'),
(359, 'BVI (4).jpg', '', '', '', 3718390, 4670, 3114, '67d835fb13773c6a3983cc3166aa41f5', 'jpg', '', 'Canon', 'Canon EOS 50D', '', '', '1/250', '9/1', 2, '100', '2009:02:26 10:13:21', 5, 0, '38/1'),
(360, 'BVI (7).jpg', '', '', '', 2704608, 4037, 2691, 'd07264e15a993ab202f8d318a5321191', 'jpg', '', 'Canon', 'Canon EOS 50D', '', '', '1/200', '8/1', 2, '100', '2009:02:28 09:06:20', 5, 0, '28/1'),
(361, 'BVI (8).jpg', '', '', '', 1840277, 2985, 4478, '6dd7c8e1c54616b73c328e9b59aa1b08', 'jpg', '', 'Canon', 'Canon EOS 50D', '', '', '1/125', '63/10', 2, '100', '2009:02:25 14:09:52', 5, 0, '30/1'),
(362, 'BVI (10).jpg', '', '', '', 3108150, 4591, 3061, '8470194fc630de85b462d9d11979e652', 'jpg', '', 'Canon', 'Canon EOS 50D', '', '', '1/250', '9/1', 2, '100', '2009:02:26 08:05:53', 5, 0, '28/1'),
(363, 'BVI (11).jpg', '', '', '', 5184920, 4752, 3168, 'feac63ccb714692869ec3fedf8f5fdab', 'jpg', '', 'Canon', 'Canon EOS 50D', '', '', '1/320', '10/1', 2, '100', '2009:02:26 08:06:53', 5, 0, '28/1'),
(364, 'BVI (12).jpg', '', '', '', 1874114, 4602, 3068, 'a4b51801381e8b3edf38bc2ad5499890', 'jpg', '', 'Canon', 'Canon EOS 50D', '', '', '1/160', '63/10', 2, '100', '2009:02:26 13:03:50', 5, 16, '33/1'),
(365, 'BVI (14).jpg', '', '', '', 1493273, 4449, 2966, '2d526aac5900600d23194503e21eff90', 'jpg', '', 'Canon', 'Canon EOS 50D', '', '', '1/200', '71/10', 2, '100', '2009:02:26 13:14:35', 5, 0, '28/1'),
(366, 'BVI (15).jpg', '', '', '', 2481909, 4647, 3098, '1c7f5f0bf3adc39532467f95c54200fe', 'jpg', '', 'Canon', 'Canon EOS 50D', '', '', '1/60', '9/2', 2, '320', '2009:02:26 14:38:00', 5, 0, '41/1'),
(367, 'BVI (16).jpg', '', '', '', 907333, 2291, 1527, '8e3b243aba74f3ce1685342d32f1a9bd', 'jpg', '', 'Canon', 'Canon EOS 50D', '', '', '1/100', '28/5', 2, '1600', '2009:02:27 09:23:18', 5, 0, '117/1'),
(368, 'BVI (19).jpg', '', '', '', 4772001, 3129, 4693, '5eb1f4dac6519f0ad960d04da95522a1', 'jpg', '', 'Canon', 'Canon EOS 50D', '', '', '1/320', '10/1', 2, '100', '2009:02:28 07:05:31', 5, 0, '28/1'),
(369, 'BVI (20).jpg', '', '', '', 4948327, 3168, 4752, '94adac9adc690552047f24d59f63e199', 'jpg', '', 'Canon', 'Canon EOS 50D', '', '', '1/250', '10/1', 2, '100', '2009:02:28 07:27:39', 5, 0, '30/1'),
(370, 'BVI (23).jpg', '', '', '', 2086465, 4101, 2734, 'a017b028b9c72e4bc5bf0385a5aac705', 'jpg', '', 'Canon', 'Canon EOS 50D', '', '', '1/250', '9/1', 2, '100', '2009:02:28 08:28:10', 5, 0, '28/1'),
(371, 'BVI (24).jpg', '', '', '', 3379063, 4306, 2870, 'ee2d5506510b238c823e048b46262a05', 'jpg', '', 'Canon', 'Canon EOS 50D', '', '', '1/200', '8/1', 2, '100', '2009:02:28 08:31:51', 5, 0, '28/1'),
(372, 'BVI (25).jpg', '', '', '', 1932506, 4494, 2996, '86042b72ae527f0a764e8e4901d60e42', 'jpg', '', 'Canon', 'Canon EOS 50D', '', '', '1/60', '9/2', 2, '100', '2009:02:28 08:52:15', 5, 0, '30/1'),
(373, 'BVI (26).jpg', '', '', '', 5086183, 4524, 3016, 'c3f13aea092790d744d066d14c6a4644', 'jpg', '', 'Canon', 'Canon EOS 50D', '', '', '1/250', '9/1', 2, '100', '2009:02:28 09:01:06', 5, 0, '28/1'),
(374, 'BVI (28).jpg', '', '', '', 1476409, 3753, 2502, 'd94d6b96e698263158f25db0bd216365', 'jpg', '', 'Canon', 'Canon EOS 50D', '', '', '1/160', '63/10', 2, '100', '2009:02:28 09:17:39', 5, 0, '47/1'),
(375, 'BVI (29).jpg', '', '', '', 1900321, 4226, 2817, 'cab2d2c62969e8e3ba2678321dad6444', 'jpg', '', 'Canon', 'Canon EOS 50D', '', '', '1/160', '28/5', 2, '100', '2009:02:28 09:36:13', 5, 0, '56/1'),
(376, 'BVI (30).jpg', '', '', '', 1074540, 3547, 2364, '3633116caa9646a99563d4416ae9cd34', 'jpg', '', 'Canon', 'Canon EOS 50D', '', '', '1/160', '28/5', 2, '100', '2009:02:28 09:52:21', 5, 0, '75/1'),
(377, 'BVI (31).jpg', '', '', '', 2576266, 4630, 3086, '8030c36b0c5ac76d545eece674628929', 'jpg', '', 'Canon', 'Canon EOS 50D', '', '', '1/200', '8/1', 2, '100', '2009:02:28 10:12:02', 5, 0, '30/1'),
(378, 'BVI (32).jpg', '', '', '', 3675497, 3168, 4752, 'e14242d7f2bf221558febd0b6e88603b', 'jpg', '', 'Canon', 'Canon EOS 50D', '', '', '1/125', '71/10', 2, '100', '2009:03:01 13:42:02', 5, 0, '38/1'),
(379, 'BVI.jpg', '', '', '', 2462328, 4117, 2744, '3ec6ffeacb98b925233e926104d62593', 'jpg', '', 'Canon', 'Canon EOS 50D', '', '', '1/80', '9/2', 2, '100', '2009:02:25 14:08:26', 5, 0, '41/1'),
(380, 'CapeCod (1).jpg', '', '', '', 2033645, 4517, 3011, 'fef269dfc699f2deeea5399f199fbd1b', 'jpg', '', 'Canon', 'Canon EOS 5D Mark II', '', '', '1/100', '4/1', 2, '160', '2009:07:03 08:16:02', 5, 0, '104/1'),
(381, 'CapeCod (2).jpg', '', '', '', 1653285, 3501, 2334, '26f046481cff5d3f46ad25de37da1435', 'jpg', '', '', '', '', '', '1/400', '28/5', 2, '100', '2009:07:04 15:44:15', 5, 0, '200/1'),
(382, 'CapeCod.jpg', '', '', '', 2731366, 4742, 3161, 'c56e8c538a34bc7aeb1a6c5b3cb7259e', 'jpg', '', '', '', '', '', '1/200', '4/1', 2, '3200', '2009:07:02 09:07:25', 5, 0, '172/1'),
(383, 'Cecil (1).jpg', '', '', '', 1634835, 4378, 2918, '5647dc2c1eb6175c091710a23b685763', 'jpg', '', 'Canon', 'Canon EOS 5D Mark II', '', '', '1/30', '9/2', 2, '6400', '2009:08:15 21:49:13', 5, 0, '105/1'),
(384, 'Cecil.jpg', '', '', '', 81034, 951, 634, 'eef301e583538d729235f8a8f04ef925', 'jpg', '', 'Canon', 'Canon EOS 5D Mark II', '', '', '1/40', '9/2', 2, '6400', '2009:08:15 21:48:59', 5, 0, '105/1'),
(385, 'Copenhagen (2).jpg', '', '', '', 3073956, 4208, 2805, '6f0601a93ecf4811b4debdaab1a7273e', 'jpg', '', 'Canon', 'Canon EOS 5D Mark II', '', '', '1/640', '9/2', 3, '200', '2009:09:28 02:22:41', 2, 0, '73/1'),
(386, 'Copenhagen (3).jpg', '', '', '', 3590413, 3081, 4621, '9f77497a6d9e21b0447f3dbae458800c', 'jpg', '', 'Canon', 'Canon EOS 5D Mark II', '', '', '1/80', '9/2', 3, '800', '2009:09:28 02:27:29', 2, 0, '70/1'),
(387, 'Copenhagen (4).jpg', '', '', '', 3673719, 4851, 3234, 'f9b99597b1d7a008493822d6911fc985', 'jpg', '', 'Canon', 'Canon EOS 5D Mark II', '', '', '1/400', '4/1', 3, '200', '2009:09:28 02:39:12', 2, 0, '200/1'),
(388, 'Copenhagen (5).jpg', '', '', '', 3077024, 4937, 3291, '72efc9b91e92c958d3170b59c5800747', 'jpg', '', 'Canon', 'Canon EOS 5D Mark II', '', '', '1/1250', '4/1', 3, '200', '2009:09:28 02:41:24', 2, 0, '118/1'),
(389, 'Copenhagen (6).jpg', '', '', '', 5557098, 4894, 3263, '7794e68488e667769771f64c30a2feb3', 'jpg', '', 'Canon', 'Canon EOS 5D Mark II', '', '', '1/60', '8/1', 3, '500', '2009:09:28 03:16:38', 2, 0, '70/1'),
(390, 'Copenhagen (8).jpg', '', '', '', 3413324, 5033, 3355, '7f50652c416c301f76f5a849071e21fc', 'jpg', '', 'Canon', 'Canon EOS 5D Mark II', '', '', '1/160', '8/1', 3, '200', '2009:09:28 04:06:54', 2, 0, '105/1'),
(391, 'Copenhagen (9).jpg', '', '', '', 4454095, 4661, 3107, '1d0da699369c920428df65ca68ef547e', 'jpg', '', 'Canon', 'Canon EOS 5D Mark II', '', '', '1/160', '8/1', 3, '250', '2009:09:28 05:20:19', 2, 0, '163/1'),
(392, 'Copenhagen (10).jpg', '', '', '', 3647558, 5347, 3565, '3df8e2857694efb6fb439c9ded80f9d7', 'jpg', '', 'Canon', 'Canon EOS 5D Mark II', '', '', '1/160', '8/1', 3, '200', '2009:09:28 05:34:20', 2, 0, '126/1'),
(393, 'CrossRiverHeader 001.jpg', '', '', '', 18610, 400, 84, 'a318fe9a645bcea9946693c312dff092', 'jpg', '', 'Canon', 'Canon EOS 5D Mark II', 'Photographer: Casey McSpadden', 'Copyright: Casey McSpadden', '1/60', '28/5', 3, '800', '2011:10:07 18:42:06', 2, 16, '24/1'),
(394, 'Florida (1).jpg', '', '', '', 2027716, 3518, 2346, 'ea76b9aa4a1c6102912d11056efa5006', 'jpg', '', 'Canon', 'Canon EOS 5D Mark II', '', 'Copyright: Casey McSpadden', '1/80', '4/1', 3, '640', '2011:03:02 15:28:21', 2, 0, '200/1'),
(395, 'Florida (2).jpg', '', '', '', 2103005, 2797, 4195, '3576b83e14595ffa7430e1b06d755cdc', 'jpg', '', 'Canon', 'Canon EOS 5D Mark II', '', 'Copyright: Casey McSpadden', '1/40', '8/1', 3, '100', '2011:03:02 09:20:28', 2, 0, '52/1'),
(396, 'Florida (3).jpg', '', '', '', 1780128, 3884, 2590, '9de59c14bc8cbf9ab763523616f760ce', 'jpg', '', 'Canon', 'Canon EOS 5D Mark II', '', 'Copyright: Casey McSpadden', '1/80', '4/1', 3, '200', '2011:03:02 15:14:01', 2, 0, '200/1'),
(397, 'Florida.jpg', '', '', '', 1837016, 3690, 2460, '133121849f7547a7aeac2705efd376c9', 'jpg', '', 'Canon', 'Canon EOS 5D Mark II', '', 'Copyright: Casey McSpadden', '1/100', '4/1', 3, '640', '2011:03:02 15:15:43', 2, 0, '145/1'),
(398, 'FourthOfJuly (2).jpg', '', '', '', 1802264, 3679, 2453, '44ec43d62e1ec6b468844d6d6e8affed', 'jpg', '', 'Canon', 'Canon EOS 5D Mark II', '', 'Copyright: Casey McSpadden', '1/800', '4/1', 3, '400', '2011:07:04 17:57:11', 2, 0, '131/1'),
(399, 'FourthOfJuly (3).jpg', '', '', '', 2717756, 4117, 2745, '56a9c01610c9638b5658166137175962', 'jpg', '', 'Canon', 'Canon EOS 5D Mark II', '', 'Copyright: Casey McSpadden', '1/80', '5/1', 3, '400', '2011:07:04 18:30:48', 2, 0, '200/1'),
(400, 'FourthOfJuly (7).jpg', '', '', '', 2183402, 4233, 2822, 'af5bb3a2790d00897e55dd94fc87069e', 'jpg', '', 'Canon', 'Canon EOS 5D Mark II', '', 'Copyright: Casey McSpadden', '1/2500', '14/5', 3, '100', '2011:07:04 15:55:48', 2, 0, '70/1'),
(401, 'FourthOfJuly (8).jpg', '', '', '', 1650265, 3893, 2595, '59a4db2ea53744b606d75c5e46766e41', 'jpg', '', 'Canon', 'Canon EOS 5D Mark II', '', 'Copyright: Casey McSpadden', '1/125', '63/10', 3, '100', '2011:07:04 16:10:28', 2, 0, '70/1'),
(402, 'FourthOfJuly (9).jpg', '', '', '', 1579682, 3463, 2309, 'e9587a26b851df031932a4400a7f0d29', 'jpg', '', 'Canon', 'Canon EOS 5D Mark II', '', 'Copyright: Casey McSpadden', '1/160', '63/10', 3, '100', '2011:07:04 16:11:00', 2, 0, '70/1'),
(403, 'Friends.jpg', '', '', '', 4191968, 4107, 2738, '200529f6a19e70ff494578828d45d963', 'jpg', '', 'Canon', 'Canon EOS 5D Mark II', '', '', '1/80', '14/5', 3, '1000', '2009:10:20 08:18:39', 2, 0, '70/1'),
(404, 'Gdansk (2).jpg', '', '', '', 3077271, 4338, 2892, 'a3cfdc7b852387e2ee6d1ad1a0c1527b', 'jpg', '', 'Canon', 'Canon EOS 5D Mark II', '', '', '1/200', '11/1', 3, '1600', '2009:09:25 04:16:28', 2, 0, '200/1'),
(405, 'Gdansk (4).jpg', '', '', '', 2917368, 4357, 2904, '6b44dd94edc2d6f6240d7dc9ee44c71d', 'jpg', '', 'Canon', 'Canon EOS 5D Mark II', '', '', '1/200', '5/1', 3, '200', '2009:09:25 04:52:56', 2, 0, '28/1'),
(406, 'Gdansk (5).jpg', '', '', '', 1786944, 4195, 2797, '3ebfb76cc04c31e3abd51d9de005f99c', 'jpg', '', 'Canon', 'Canon EOS 5D Mark II', '', '', '1/200', '28/5', 3, '250', '2009:09:25 05:50:36', 2, 0, '200/1'),
(407, 'Gdansk (7).jpg', '', '', '', 3671553, 4118, 2745, '6f729df5703e8f220a496f2dc77db427', 'jpg', '', 'Canon', 'Canon EOS 5D Mark II', '', '', '1/200', '28/5', 3, '800', '2009:09:25 06:16:13', 2, 0, '200/1'),
(408, 'Gdansk (8).jpg', '', '', '', 5054120, 4837, 3223, 'a3d11e187b5a265842adc871bca736ce', 'jpg', '', 'Canon', 'Canon EOS 5D Mark II', '', '', '1/320', '28/5', 3, '200', '2009:09:25 06:29:53', 2, 0, '126/1'),
(409, 'Gdansk (10).jpg', '', '', '', 4011231, 4592, 3061, 'dda778eb714824d43ccabbe0761d8d97', 'jpg', '', 'Canon', 'Canon EOS 5D Mark II', '', '', '1/400', '11/1', 3, '200', '2009:09:25 07:02:04', 2, 0, '163/1'),
(410, 'Gdansk (11).jpg', '', '', '', 3037001, 3542, 2351, 'f46e4268bfe4549cd5e27a4278dba0a2', 'jpg', '', 'Canon', 'Canon EOS 5D Mark II', '', '', '1/125', '11/1', 3, '250', '2009:09:25 07:39:19', 2, 0, '159/1'),
(411, 'GlenKirk.jpg', '', '', '', 5052505, 5616, 3744, 'd01b7372e8e679d081ed7da4334ee919', 'jpg', '', 'Canon', 'Canon EOS 5D Mark II', '', '', '1/200', '63/10', 2, '1600', '2009:08:15 19:36:08', 5, 0, '105/1'),
(412, 'Gotland (1).jpg', '', '', '', 4286626, 5533, 3689, 'd51cad0b4e03b6f710199c8ffc229118', 'jpg', '', 'Canon', 'Canon EOS 5D Mark II', '', '', '1/800', '8/1', 3, '200', '2009:09:24 01:28:24', 2, 0, '60/1'),
(413, 'Gotland (2).jpg', '', '', '', 1780456, 4106, 2737, '4879d41dc250854ea69a8ee6cb959388', 'jpg', '', 'Canon', 'Canon EOS 5D Mark II', '', '', '1/160', '8/1', 3, '200', '2009:09:24 02:36:22', 2, 0, '105/1'),
(414, 'Gotland.jpg', '', '', '', 1431353, 3573, 2376, 'bb8aeee62f61d80b58939588cb1419f5', 'jpg', '', 'Canon', 'Canon EOS 5D Mark II', '', '', '1/2500', '8/1', 3, '200', '2009:09:24 01:15:42', 2, 0, '28/1'),
(415, 'Helsinki (1).jpg', '', '', '', 5969911, 5616, 3744, 'fbc21d2c1d759304f421e6a188a9964f', 'jpg', '', 'Canon', 'Canon EOS 5D Mark II', '', '', '1/30', '9/2', 4, '800', '2009:09:18 05:52:12', 2, 0, '17/1'),
(416, 'Helsinki (2).jpg', '', '', '', 4146186, 4418, 2946, 'b4ab57fd77277974e5479e74265aaf1b', 'jpg', '', 'Canon', 'Canon EOS 5D Mark II', '', '', '1/200', '28/5', 2, '200', '2009:09:18 06:03:10', 2, 0, '105/1'),
(417, 'Helsinki.jpg', '', '', '', 1909699, 4727, 3151, 'd4ef8098722126e8d9150ad35526b938', 'jpg', '', 'Canon', 'Canon EOS 5D Mark II', '', '', '1/500', '10/1', 2, '200', '2009:09:18 03:48:23', 5, 0, '105/1'),
(418, 'Hermitage (1).jpg', '', '', '', 3239305, 4958, 3305, '85f56dc703fcde2517412a38056767a1', 'jpg', '', 'Canon', 'Canon EOS 5D Mark II', '', '', '1/40', '4/1', 2, '1000', '2009:09:16 01:06:56', 5, 0, '48/1'),
(419, 'Hermitage (2).jpg', '', '', '', 5298846, 5616, 3744, 'd42ab5c2222410b33c50257150edd276', 'jpg', '', 'Canon', 'Canon EOS 5D Mark II', '', '', '1/30', '4/1', 2, '500', '2009:09:16 02:06:04', 5, 0, '40/1'),
(420, 'Hermitage (3).jpg', '', '', '', 3424498, 3383, 5090, '12454633baadda13699845f25ef3be69', 'jpg', '', 'Canon', 'Canon EOS 5D Mark II', '', '', '1/60', '9/2', 2, '3200', '2009:09:16 02:14:48', 5, 0, '95/1'),
(421, 'Hermitage.jpg', '', '', '', 5735619, 3744, 5616, '9eeb0c3ef72957c1134cefcd079b7eaf', 'jpg', '', 'Canon', 'Canon EOS 5D Mark II', '', '', '1/25', '4/1', 2, '3200', '2009:09:16 01:26:53', 5, 16, '65/1'),
(422, 'IMG_0747.jpg', '', '', '', 2296477, 3830, 2553, '0c59bfd0b2d03d4c38c3b4b11465e5c2', 'jpg', '', '', '', '', '', '1/320', '8/1', 2, '100', '2009:02:26 09:01:35', 5, 0, '90/1'),
(423, 'IMG_0876-Edit-Edit.jpg', '', '', '', 7495843, 5255, 3503, 'f23fb265531b58acfbd5281eb0443269', 'jpg', '', 'Canon', 'Canon EOS 5D Mark II', 'Photographer: Casey McSpadden', 'Copyright: Casey McSpadden', '1/320', '11/1', 3, '100', '2013:08:03 11:59:48', 2, 8, '70/1'),
(424, 'IMG_6197-Edit-2.jpg', '', '', '', 3489561, 4672, 3115, 'c697e90f2324dfa6536d1304af6c178c', 'jpg', '', 'Canon', 'Canon EOS 5D Mark II', 'Photographer: Casey McSpadden', 'Copyright: Casey McSpadden', '1/500', '13/1', 3, '100', '2013:03:24 11:36:44', 2, 8, '200/1'),
(425, 'IMG_7214-Edit.jpg', '', '', '', 8411204, 5165, 3443, '68dc5da0153e9f8144364746ddbd7d39', 'jpg', '', 'Canon', 'Canon EOS 5D Mark II', 'Photographer: Casey McSpadden', 'Copyright: Casey McSpadden', '1/100', '45/10', 3, '100', '2013:05:08 19:03:35', 2, 16, '24/1'),
(426, 'IMG_7300-Edit.jpg', '', '', '', 5102898, 4183, 2789, '0082e01a0a1f64755e822fc2b3a51294', 'jpg', '', 'Canon', 'Canon EOS 5D Mark II', 'Photographer: Casey McSpadden', 'Copyright: Casey McSpadden', '1/40', '8/1', 3, '800', '2013:05:11 11:42:37', 2, 16, '70/1'),
(427, 'IMG_7343.jpg', '', '', '', 1927511, 3268, 2179, 'b68db80d422f76bc0e89787d034818c1', 'jpg', '', 'Canon', 'Canon EOS 50D', '', 'Copyright: Casey McSpadden', '1/125', '5/1', 2, '100', '2009:06:07 19:12:45', 5, 0, '40/1'),
(428, 'IMG_7435.jpg', '', '', '', 10033650, 5616, 3744, 'ca7d0a6720771c53cd49b13c4c0d2c14', 'jpg', '', 'Canon', 'Canon EOS 5D Mark II', 'Photographer: Casey McSpadden', 'Copyright: Casey McSpadden', '1/160', '5/1', 3, '100', '2013:05:15 12:29:07', 2, 16, '60/1'),
(429, 'KansasCity (1).jpg', '', '', '', 2760946, 4553, 3035, 'b19352267aaee433290315ac9df3e667', 'jpg', '', 'Canon', 'Canon EOS 5D Mark II', '', 'Copyright: Casey McSpadden', '1/400', '8/1', 3, '100', '2011:07:04 16:02:52', 2, 0, '45/1'),
(430, 'KansasCity (2).jpg', '', '', '', 824586, 2465, 1643, 'dc0d7c5c7ef596117c169a5d9d522acc', 'jpg', '', 'Canon', 'Canon EOS 5D Mark II', '', 'Copyright: Casey McSpadden', '1/125', '4/1', 3, '100', '2011:07:04 17:47:09', 2, 0, '200/1'),
(431, 'KansasCity (3).jpg', '', '', '', 3275662, 3313, 4969, 'a3f83a796afb26f9617f86fbb4a464ad', 'jpg', '', 'Canon', 'Canon EOS 5D Mark II', '', 'Copyright: Casey McSpadden', '1/400', '4/1', 3, '400', '2011:07:04 17:55:20', 2, 0, '140/1'),
(432, 'KansasCity (5).jpg', '', '', '', 1817060, 3679, 2453, 'ee715956eb2cbfb2501bcbfc9955e0ee', 'jpg', '', 'Canon', 'Canon EOS 5D Mark II', '', 'Copyright: Casey McSpadden', '1/800', '4/1', 3, '400', '2011:07:04 17:57:11', 2, 0, '131/1'),
(433, 'KansasCity (13).jpg', '', '', '', 2275172, 3744, 2496, '5d2fb64520b996507c9248639a72442d', 'jpg', '', 'Canon', 'Canon EOS 5D Mark II', '', 'Copyright: Casey McSpadden', '1/25', '7/2', 3, '1600', '2011:05:30 18:34:03', 2, 0, '70/1'),
(434, 'KansasCity (15).jpg', '', '', '', 2395687, 4282, 2855, '861f39e77797ae679518119dbe28a287', 'jpg', '', 'Canon', 'Canon EOS 5D Mark II', '', 'Copyright: Casey McSpadden', '1/320', '5/1', 3, '160', '2011:05:31 11:30:17', 2, 0, '70/1'),
(435, 'KansasCity (16).jpg', '', '', '', 2145666, 4282, 2855, '9ef6735a84794f72ef39a4442ae9dd69', 'jpg', '', 'Canon', 'Canon EOS 5D Mark II', '', 'Copyright: Casey McSpadden', '1/320', '5/1', 3, '160', '2011:05:31 11:30:17', 2, 0, '70/1'),
(436, 'KansasCity (17).jpg', '', '', '', 2182048, 4159, 2772, 'df200d758eabe89484e3f21d536cce28', 'jpg', '', 'Canon', 'Canon EOS 5D Mark II', '', 'Copyright: Casey McSpadden', '1/1250', '14/5', 3, '160', '2011:05:31 11:34:13', 2, 0, '70/1'),
(437, 'KansasCity (24).jpg', '', '', '', 5328516, 5616, 3744, 'b6820a48115fb37b6962bff9c840fe61', 'jpg', '', 'Canon', 'Canon EOS 5D Mark II', '', 'Copyright: Casey McSpadden', '1/400', '63/10', 3, '100', '2010:10:31 10:19:59', 2, 0, '24/1'),
(438, 'KansasCity (27).jpg', '', '', '', 3780137, 4924, 3283, '6bae90ea2d6d958deadc92807a543ddc', 'jpg', '', 'Canon', 'Canon EOS 5D Mark II', '', '', '1/125', '14/5', 3, '800', '2010:07:04 17:52:55', 2, 0, '70/1'),
(439, 'KansasCity (28).jpg', '', '', '', 2984320, 2843, 4265, '4f103e9b91cd3b83a0dd2501c52e1674', 'jpg', '', 'Canon', 'Canon EOS 5D Mark II', '', 'Copyright: Casey McSpadden', '1/125', '8/1', 3, '100', '2011:01:30 14:38:18', 2, 0, '67/1'),
(440, 'KansasCity (29).jpg', '', '', '', 3237006, 4723, 3149, '22b08f6eb83e0ee173a9d56d11312e08', 'jpg', '', 'Canon', 'Canon EOS 5D Mark II', '', 'Copyright: Casey McSpadden', '1/20', '14/5', 3, '1600', '2010:09:24 15:26:24', 2, 0, '34/1'),
(441, 'KansasCity (30).jpg', '', '', '', 4053639, 3245, 4868, '3d8cdeb81520017e6c6cffa1cdeaa79d', 'jpg', '', 'Canon', 'Canon EOS 5D Mark II', '', '', '1/250', '11/1', 3, '100', '2010:06:20 08:13:03', 2, 0, '34/1'),
(442, 'KansasMove (1).jpg', '', '', '', 2375625, 3595, 2397, '3c02c440c76c413edd880f9fe9c1098b', 'jpg', '', 'Canon', 'Canon EOS 5D Mark II', '', 'Copyright: Casey McSpadden', '1/250', '16/1', 3, '100', '2011:08:05 13:11:48', 2, 0, '30/1'),
(443, 'KansasMove (2).jpg', '', '', '', 6001046, 5616, 3744, 'f55fef55debba6c4a6f68dee35c4a933', 'jpg', '', 'Canon', 'Canon EOS 5D Mark II', '', 'Copyright: Casey McSpadden', '1/125', '16/1', 3, '100', '2011:08:05 15:04:10', 2, 0, '70/1'),
(444, 'KansasMove (5).jpg', '', '', '', 2295311, 4008, 2672, '017d69cb594a53106f2bece1f63b2603', 'jpg', '', 'Canon', 'Canon EOS 5D Mark II', '', 'Copyright: Casey McSpadden', '1/800', '8/1', 3, '100', '2011:08:05 15:49:03', 2, 0, '154/1'),
(445, 'KansasMove (7).jpg', '', '', '', 4838402, 5455, 3637, '159caacc1759b040766c9d805ffb7157', 'jpg', '', 'Canon', 'Canon EOS 5D Mark II', '', 'Copyright: Casey McSpadden', '1/320', '11/1', 3, '100', '2011:08:07 13:13:51', 2, 0, '24/1'),
(446, 'KansasMove.jpg', '', '', '', 6071390, 5423, 3615, '453416aa3a5ccbab18776908ae662f6b', 'jpg', '', 'Canon', 'Canon EOS 5D Mark II', '', 'Copyright: Casey McSpadden', '1/250', '16/1', 3, '100', '2011:08:05 13:11:48', 2, 0, '30/1'),
(447, 'Lech (1).jpg', '', '', '', 5908168, 5016, 3344, '3e31d78da8eb49447e70911fd2ac4fd9', 'jpg', '', 'Canon', 'Canon EOS 5D Mark II', '', '', '1/160', '4/1', 3, '2000', '2009:09:27 04:10:02', 2, 0, '200/1'),
(448, 'LongBeach (4).jpg', '', '', '', 325249, 906, 1359, '300ac7fbc126fae82aaf4dd194b6a730', 'jpg', '', 'Canon', 'Canon EOS 5D Mark II', '', 'Copyright: Casey McSpadden', '1/500', '8/1', 3, '100', '2011:07:14 18:04:39', 2, 0, '70/1'),
(449, 'Lubeck (1).jpg', '', '', '', 6082370, 5616, 3744, '6fdfe5412ca00d19df35d16c39ad932b', 'jpg', '', 'Canon', 'Canon EOS 5D Mark II', '', '', '1/30', '4/1', 3, '320', '2009:09:27 06:57:28', 2, 0, '28/1'),
(450, 'Lubeck (3).jpg', '', '', '', 4094990, 4053, 2702, '36317faf253bd7f8b012b64322f68317', 'jpg', '', 'Canon', 'Canon EOS 5D Mark II', '', '', '1/8', '9/2', 3, '3200', '2009:09:27 07:08:21', 2, 0, '105/1'),
(451, 'Lubeck (4).jpg', '', '', '', 4780400, 4252, 2835, '57e3e8341b58fa3d2e1ddaf2a0ee763f', 'jpg', '', 'Canon', 'Canon EOS 5D Mark II', '', '', '1/15', '9/2', 3, '3200', '2009:09:27 07:08:38', 2, 0, '105/1'),
(452, 'Lubeck (5).jpg', '', '', '', 2736082, 4504, 3003, '52cc457815163e68d1619b140f796114', 'jpg', '', 'Canon', 'Canon EOS 5D Mark II', '', '', '1/125', '9/2', 3, '500', '2009:09:27 07:17:40', 2, 0, '105/1'),
(453, 'Lubeck.jpg', '', '', '', 3295056, 4082, 2721, '5e2c7ab51d0d50ad8a9a42edf4f2ed75', 'jpg', '', 'Canon', 'Canon EOS 5D Mark II', '', '', '1/50', '11/1', 3, '2000', '2009:09:27 06:55:45', 2, 0, '45/1'),
(454, 'Midwest (4).jpg', '', '', '', 7592048, 5616, 3744, 'aa4566cc9246ec3d6d4b149c0443332e', 'jpg', '', 'Canon', 'Canon EOS 5D Mark II', '', '', '1/200', '28/5', 3, '200', '2010:02:07 10:09:47', 2, 0, '53/1'),
(455, 'NewYork (1).jpg', '', '', '', 5351848, 3744, 5616, '5e108c48554fe6aa2626a9e1dc332a4b', 'jpg', '', 'Canon', 'Canon EOS 5D Mark II', '', '', '1/50', '14/5', 3, '800', '2009:12:11 14:33:23', 2, 0, '42/1'),
(456, 'NewYork.jpg', '', '', '', 5833119, 5616, 3744, '2efab12558d14777536419ed2f17ab89', 'jpg', '', 'Canon', 'Canon EOS 5D Mark II', '', '', '1/640', '63/10', 3, '200', '2009:12:11 12:41:34', 2, 0, '24/1'),
(457, 'NewZealand (1).jpg', '', '', '', 2875320, 5616, 3744, '86af3f161208488f657706082f015282', 'jpg', 'Mojo Coffee', 'Canon', 'Canon EOS 5D Mark II', '', '', '1/50', '5/1', 2, '100', '2009:06:04 19:38:15', 5, 0, '17/1'),
(458, 'NewZealand (4).jpg', '', '', '', 2003552, 3293, 4962, '8cca7b8ee16457df84519e21b65833fe', 'jpg', 'Burnt Spur Wines, Martinborough, New Zealand', 'Canon', 'Canon EOS 5D Mark II', '', 'Copyright © 2010 Casey McSpadden All Rights Reserved casey@cros', '1/80', '4/1', 2, '400', '2009:06:05 17:19:26', 5, 0, '70/1'),
(459, 'NewZealand (5).jpg', '', '', '', 1974820, 4029, 2686, '6e27eaf93d25c54ea6e06478cc562397', 'jpg', 'Coffee, Martinborough, New Zealand', 'Canon', 'Canon EOS 5D Mark II', '', 'Copyright © 2010 Casey McSpadden All Rights Reserved casey@cros', '1/30', '4/1', 2, '800', '2009:06:05 21:12:03', 5, 0, '40/1'),
(460, 'NewZealand (6).jpg', '', '', '', 5333798, 5616, 3744, '209ba7292847af5344c15b93e6b34688', 'jpg', 'Downtown Wellington and Wellington Harbor', 'Canon', 'Canon EOS 5D Mark II', '', 'Copyright © 2010 Casey McSpadden All Rights Reserved casey@cros', '1/200', '71/10', 2, '100', '2009:06:06 15:07:38', 5, 0, '70/1'),
(461, 'NewZealand (8).jpg', '', '', '', 4611821, 5616, 3744, '412a06218bcd7e42cb2f531c6fc040e6', 'jpg', 'Steve Logan, co-owner Logan Brown Restaurant, Wellington, New Zealand', 'Canon', 'Canon EOS 5D Mark II', '', 'Copyright © 2010 Casey McSpadden All Rights Reserved casey@cros', '1/15', '4/1', 0, '3200', '2009:06:07 15:07:49', 5, 0, '40/1'),
(462, 'NewZealand (13).jpg', '', '', '', 1711455, 4294, 2862, 'c6226b12e17cf339a27dfa33327751ed', 'jpg', '', 'Canon', 'Canon EOS 5D Mark II', '', '', '1/80', '4/1', 2, '320', '2009:06:07 20:41:56', 5, 0, '87/1'),
(463, 'NewZealand (15).jpg', '', '', '', 2754281, 4740, 3160, '4ec08c0e7201d2feb5e6217ec9f2fd4c', 'jpg', '', 'Canon', 'Canon EOS 5D Mark II', '', '', '1/40', '4/1', 2, '3200', '2009:06:13 21:58:21', 5, 0, '163/1'),
(464, 'NewZealand (16).jpg', '', '', '', 2148782, 5049, 3366, '54f011110e582a1c1bb7bb78bc4e4c79', 'jpg', '', 'Canon', 'Canon EOS 5D Mark II', '', '', '1/160', '4/1', 2, '250', '2009:06:14 14:21:35', 5, 0, '184/1'),
(465, 'NewZealand (19).jpg', '', '', '', 4951538, 5382, 3588, '5ec4fa873b121d7bb95e0f4d3a4d50cb', 'jpg', '', 'Canon', 'Canon EOS 5D Mark II', '', '', '1/200', '71/10', 2, '100', '2009:06:14 16:29:10', 5, 0, '70/1'),
(466, 'NewZealand (20).jpg', '', '', '', 2503287, 3172, 4758, 'bc30b00d0c9ca95c2755277355fcdad9', 'jpg', '', 'Canon', 'Canon EOS 5D Mark II', '', '', '1/80', '2/1', 2, '1250', '2009:06:03 22:23:18', 5, 0, '85/1'),
(467, 'NewZealand (21).jpg', '', '', '', 3395657, 3490, 5235, 'e9499e9559f4d05cdd19309858b502d4', 'jpg', '', 'Canon', 'Canon EOS 5D Mark II', '', '', '1/80', '2/1', 2, '2500', '2009:06:03 22:24:18', 5, 0, '85/1'),
(468, 'NewZealand (22).jpg', '', '', '', 3373325, 4817, 3212, '9b0a47d4979d5a3bd05c1750e6641adf', 'jpg', '', 'Canon', 'Canon EOS 5D Mark II', '', '', '1/40', '4/1', 2, '160', '2009:06:04 13:20:36', 5, 0, '23/1'),
(469, 'NewZealand (23).jpg', '', '', '', 3838466, 5168, 3445, '7427b0e48952de2a4a42a0f44f563d16', 'jpg', '', 'Canon', 'Canon EOS 5D Mark II', '', '', '1/40', '4/1', 2, '160', '2009:06:04 13:20:44', 5, 0, '17/1'),
(470, 'NewZealand (25).jpg', '', '', '', 3667769, 5616, 3744, '3cbef5b2bc203e4b2014bf05a423b6dd', 'jpg', '', 'Canon', 'Canon EOS 5D Mark II', '', '', '1/400', '28/5', 2, '100', '2009:06:02 21:03:49', 5, 0, '200/1'),
(471, 'NewZealand (26).jpg', '', '', '', 5057990, 5616, 3744, 'fece7893af80a5c35ba30ff6b0da866c', 'jpg', '', 'Canon', 'Canon EOS 5D Mark II', '', '', '1/200', '5/1', 2, '100', '2009:06:02 21:17:58', 5, 0, '149/1'),
(472, 'NewZealand (27).jpg', '', '', '', 2805284, 4498, 2999, '640a14f27ce62646092c218a9a9b6222', 'jpg', '', 'Canon', 'Canon EOS 5D Mark II', '', '', '1/60', '5/1', 2, '100', '2009:06:03 13:30:39', 5, 0, '37/1'),
(473, 'NewZealand (30).jpg', '', '', '', 1465673, 3975, 2650, '670779b88a319ce7afbd5304b67b2045', 'jpg', '', 'Canon', 'Canon EOS 5D Mark II', '', '', '1/160', '4/1', 2, '125', '2009:06:03 18:35:03', 5, 0, '200/1'),
(474, 'NewZealand (31).jpg', '', '', '', 2526756, 3261, 4892, 'ef36dad97e557e992675d9e021774f16', 'jpg', '', 'Canon', 'Canon EOS 5D Mark II', '', '', '1/80', '4/1', 2, '320', '2009:06:03 18:39:45', 5, 0, '70/1'),
(475, 'NewZealand (36).jpg', '', '', '', 1361971, 3498, 2332, '0acb98f79e7223991bc7632814a67536', 'jpg', '', 'Canon', 'Canon EOS 50D', '', 'Copyright: Casey McSpadden', '1/320', '9/1', 2, '100', '2009:06:07 20:29:35', 5, 0, '40/1'),
(476, 'NewZealand (38).jpg', '', '', '', 4318699, 3744, 5616, '46447f1e17925263e660dad74f6cc04d', 'jpg', '', 'Canon', 'Canon EOS 5D Mark II', '', '', '1/15', '4/1', 2, '800', '2009:06:07 22:26:46', 5, 0, '17/1'),
(477, 'NewZealand (41).jpg', '', '', '', 2691020, 2851, 4290, 'ba4d3e88dc218964957cbada9869d7c3', 'jpg', '', 'Canon', 'Canon EOS 50D', '', 'Copyright: Casey McSpadden', '1/50', '4/1', 2, '320', '2009:06:06 19:14:25', 5, 0, '35/1'),
(478, 'NewZealand.jpg', '', '', '', 2790496, 4775, 3182, 'dd96c97934fc7fd88b1d11d819d1904c', 'jpg', 'Lambros Gianoutsos roasting coffee at Mojo Coffee, Wellington, New Zealand', 'Canon', 'Canon EOS 5D Mark II', '', 'Copyright © 2010 Casey McSpadden All Rights Reserved casey@cros', '1/15', '4/1', 2, '320', '2009:06:04 19:20:03', 5, 0, '17/1'),
(479, 'NorthCarolina (2).jpg', '', '', '', 1986977, 4021, 2681, 'a9d48349d125470769caa033c03d5953', 'jpg', '', 'Canon', 'Canon EOS 5D Mark II', '', '', '1/800', '28/5', 3, '200', '2010:03:17 12:10:18', 2, 0, '200/1'),
(480, 'NorthCarolina (3).jpg', '', '', '', 1875535, 3716, 2477, 'a4813613c78fe52be8e3e53e49a2c763', 'jpg', '', 'Canon', 'Canon EOS 5D Mark II', '', '', '1/1250', '9/2', 3, '200', '2010:03:17 12:06:26', 2, 0, '200/1'),
(481, 'NorthCarolina.jpg', '', '', '', 3118498, 4165, 2776, '94615ec6a9cd316e8fd7e3346e6114a3', 'jpg', '', 'Canon', 'Canon EOS 5D Mark II', '', '', '1/1000', '9/2', 3, '200', '2010:03:17 12:07:58', 2, 0, '200/1'),
(482, 'NorthernCalifornia (1).jpg', '', '', '', 5652032, 5056, 3370, 'e619b562ad5b60bdf6ea7b025414b387', 'jpg', '', 'Canon', 'Canon EOS 5D Mark II', '', '', '1/250', '63/10', 3, '200', '2010:03:04 17:47:54', 2, 0, '24/1'),
(483, 'NorthernCalifornia (2).jpg', '', '', '', 2541625, 4261, 2840, '5b58fc51a5ddcc08ad470a6a821e2ed4', 'jpg', '', 'Canon', 'Canon EOS 5D Mark II', '', '', '1/125', '8/1', 3, '200', '2010:03:07 15:25:18', 2, 0, '43/1'),
(484, 'NorthernCalifornia (4).jpg', '', '', '', 769253, 2277, 1460, '615e156076d845170fa1dd4b3310ee4f', 'jpg', '', 'Canon', 'Canon EOS 5D Mark II', '', 'Copyright: Casey McSpadden', '1/250', '8/1', 3, '100', '2011:02:04 15:29:10', 2, 0, '70/1'),
(485, 'NorthernCalifornia.jpg', '', '', '', 6180661, 5332, 3554, 'a732fc6f78f65d0331ba9d7e0224fa76', 'jpg', '', 'Canon', 'Canon EOS 5D Mark II', '', '', '1/250', '63/10', 3, '200', '2010:03:04 17:48:17', 2, 0, '24/1'),
(486, 'Oregon (1).jpg', '', '', '', 8356022, 5304, 3536, '9ef86012077db2fc2595f0f8e933ff2c', 'jpg', '', 'Canon', 'Canon EOS 5D Mark II', '', '', '1/160', '16/1', 3, '200', '2010:05:02 10:56:03', 2, 0, '30/1'),
(487, 'Oregon (3).jpg', '', '', '', 2434718, 3191, 2394, 'a0d4810c65d39fdb79c22a2cb1c2cd15', 'jpg', '', 'Canon', 'Canon PowerShot SD1100 IS', '', '', '1/125', '8/1', 0, '80', '2010:08:27 17:15:21', 5, 0, '31/5'),
(488, 'Oregon.jpg', '', '', '', 9534499, 3744, 5616, 'd88ff64693edefeac320ab0419748c6d', 'jpg', '', 'Canon', 'Canon EOS 5D Mark II', '', '', '1/640', '8/1', 3, '200', '2010:05:02 10:12:10', 2, 0, '54/1'),
(489, 'OrvietoWindow.jpg', '', '', '', 2115698, 3129, 4694, 'ed7af9819f0bf2a06acb0783f7d71a52', 'jpg', '', 'Canon', 'Canon EOS 5D Mark II', '', '', '1/40', '4/1', 2, '500', '2009:09:13 08:39:25', 5, 0, '45/1'),
(490, 'PalermoGraffiti.jpg', '', '', '', 5934189, 5379, 3586, 'a6bf3fa5eb6aa9f671a679efa1847047', 'jpg', '', 'Canon', 'Canon EOS 5D Mark II', '', '', '1/60', '9/2', 2, '200', '2009:09:07 04:09:28', 5, 0, '53/1'),
(491, 'PalermoPastries.jpg', '', '', '', 3474801, 5109, 3406, '5f90c21349f2d958e2d7091342105b9a', 'jpg', '', 'Canon', 'Canon EOS 5D Mark II', '', '', '1/100', '5/1', 2, '200', '2009:09:07 03:36:02', 5, 0, '68/1'),
(492, 'PalermoSnails.jpg', '', '', '', 1500415, 3478, 2318, '78aa51fafcfd6d040169bc6dba3f6a7a', 'jpg', '', 'Canon', 'Canon EOS 5D Mark II', '', '', '1/100', '5/1', 2, '200', '2009:09:07 03:37:37', 5, 0, '88/1'),
(493, 'PalermoSwordfish.jpg', '', '', '', 2347256, 4277, 2851, '2267156458d0d36dbe1172138bb176d6', 'jpg', '', 'Canon', 'Canon EOS 5D Mark II', '', '', '1/100', '9/2', 2, '2500', '2009:09:07 05:03:56', 5, 0, '105/1'),
(494, 'Paris (2).jpg', '', '', '', 3989155, 5616, 3744, '0dd7d9f9657582b6f01cf6c7e22f2451', 'jpg', '', 'Canon', 'Canon EOS 5D Mark II', '', '', '1/50', '16/1', 3, '200', '2009:09:30 03:48:19', 2, 0, '17/1'),
(495, 'Paris (4).jpg', '', '', '', 2584684, 4600, 3067, '4b45697341b1f9a1c0717f4473d6b364', 'jpg', '', 'Canon', 'Canon EOS 5D Mark II', '', '', '1/1250', '8/1', 3, '200', '2009:09:30 04:13:50', 2, 0, '20/1'),
(496, 'Paris (5).jpg', '', '', '', 2948773, 4600, 3067, '4bcd6d6622b2a316bc00e92b82055b29', 'jpg', '', 'Canon', 'Canon EOS 5D Mark II', '', '', '1/1250', '8/1', 3, '200', '2009:09:30 04:13:50', 2, 0, '20/1'),
(497, 'Paris (7).jpg', '', '', '', 3639652, 3036, 4554, 'cd861cf8a2046acff197ec6d4a8e27ac', 'jpg', '', 'Canon', 'Canon EOS 5D Mark II', '', '', '1/50', '8/1', 3, '200', '2009:09:30 05:38:48', 2, 0, '73/1'),
(498, 'Paris (8).jpg', '', '', '', 5503733, 5616, 3744, 'b6b37e61a46444b9e9e8bfaa23b3822c', 'jpg', '', 'Canon', 'Canon EOS 5D Mark II', '', '', '1/100', '63/10', 3, '200', '2009:09:30 08:22:17', 2, 0, '24/1'),
(499, 'Paris (9).jpg', '', '', '', 2910211, 4695, 3130, 'e3c13675f1ad5e5b4d5ff6bebdd72cfe', 'jpg', '', 'Canon', 'Canon EOS 5D Mark II', '', '', '1/40', '5/1', 3, '200', '2009:09:30 08:41:21', 2, 0, '40/1'),
(500, 'Paris (11).jpg', '', '', '', 3490919, 4908, 3272, 'b7d082bc704a400f00ab36daeaea4b36', 'jpg', '', 'Canon', 'Canon EOS 5D Mark II', '', '', '1/80', '9/2', 3, '200', '2009:10:01 05:19:11', 2, 0, '154/1'),
(501, 'Paris (12).jpg', '', '', '', 9657177, 5616, 3744, '8acbd9be812b522a006ff3631b9bc744', 'jpg', '', 'Canon', 'Canon EOS 5D Mark II', '', '', '1/20', '4/1', 3, '1250', '2009:10:02 03:58:11', 2, 0, '17/1'),
(502, 'Paris (13).jpg', '', '', '', 4021047, 5300, 3533, 'e7f6b3754e9f6273dc969115205c45ab', 'jpg', '', 'Canon', 'Canon EOS 5D Mark II', '', '', '1/400', '8/1', 3, '200', '2009:10:02 06:39:37', 2, 0, '17/1'),
(503, 'Paris (15).jpg', '', '', '', 6950038, 5362, 3574, 'cbd7d000fc544ac430c861ab52bc9f1e', 'jpg', '', 'Canon', 'Canon EOS 5D Mark II', '', '', '1/10', '4/1', 3, '3200', '2009:10:02 11:26:21', 2, 0, '29/1'),
(504, 'Paris (17).jpg', '', '', '', 3375700, 4965, 3310, 'c5ee319f123e344b8b21cea50bbafa56', 'jpg', '', 'Canon', 'Canon EOS 5D Mark II', '', '', '1/80', '4/1', 3, '200', '2009:10:01 06:32:09', 2, 0, '19/1'),
(505, 'Paris (18).jpg', '', '', '', 4304653, 3744, 5616, '2855ae655cd41841fbe74b53f0166d21', 'jpg', '', 'Canon', 'Canon EOS 5D Mark II', '', '', '1/125', '4/1', 3, '200', '2009:10:01 10:04:17', 2, 0, '70/1'),
(506, 'Paris (19).jpg', '', '', '', 5982838, 5616, 3744, '83c596add0bd63ab4fa58441b33d1257', 'jpg', '', 'Canon', 'Canon EOS 5D Mark II', '', '', '1/4', '63/10', 3, '200', '2009:10:02 01:42:18', 2, 0, '17/1'),
(507, 'Paris (20).jpg', '', '', '', 4466953, 5616, 3744, 'e8d45ee32cb1b45e46261304ccc0e083', 'jpg', '', 'Canon', 'Canon EOS 5D Mark II', '', '', '1/250', '8/1', 3, '200', '2009:10:02 08:16:29', 2, 0, '17/1'),
(508, 'PikePlace (3).jpg', '', '', '', 1256431, 3333, 2222, 'dd10c236210d7c99ce6ba2496b7e0bfa', 'jpg', '', 'Canon', 'Canon EOS 5D Mark II', '', '', '1/40', '4/1', 2, '500', '2009:08:22 13:11:08', 5, 0, '135/1'),
(509, 'PikePlace (4).jpg', '', '', '', 2663975, 4918, 3278, 'e3e6f53591fedda9b14e83cc667b5ceb', 'jpg', '', 'Canon', 'Canon EOS 5D Mark II', '', '', '1/100', '4/1', 2, '500', '2009:08:22 13:11:46', 5, 0, '200/1'),
(510, 'PikePlace (5).jpg', '', '', '', 1790240, 4621, 3080, '0db4a4b8c3c606fc7f3c22404955ac49', 'jpg', '', 'Canon', 'Canon EOS 5D Mark II', '', '', '1/160', '4/1', 2, '160', '2009:08:22 13:20:23', 5, 0, '145/1'),
(511, 'PikePlace (6).jpg', '', '', '', 2662644, 4137, 2758, 'bdcc2444d664c8e42b75ccd6d1062d2b', 'jpg', '', 'Canon', 'Canon EOS 5D Mark II', '', '', '1/500', '63/10', 2, '100', '2009:08:22 13:34:23', 5, 0, '200/1'),
(512, 'Riga (3).jpg', '', '', '', 1283560, 3411, 2274, '3a102588438eb926ee729b011c8c1b4b', 'jpg', '', 'Canon', 'Canon EOS 5D Mark II', '', '', '1/125', '2/1', 3, '200', '2009:09:21 00:04:33', 2, 0, '85/1'),
(513, 'Riga (4).jpg', '', '', '', 506282, 2234, 1489, '04f5d736064b0fc0e41782ec997dc3c8', 'jpg', '', 'Canon', 'Canon EOS 5D Mark II', '', '', '1/25', '28/5', 4, '200', '2009:09:21 00:08:41', 2, 0, '85/1'),
(514, 'Riga (6).jpg', '', '', '', 1730442, 3178, 2119, 'a633b19451e4e6524c665e1d08771b23', 'jpg', '', 'Canon', 'Canon EOS 5D Mark II', '', '', '1/250', '28/5', 3, '200', '2009:09:21 00:44:01', 2, 0, '40/1'),
(515, 'Riga (7).jpg', '', '', '', 1400177, 3178, 2119, '1904eb148fbf2cd8818c31c21d0d55bf', 'jpg', '', 'Canon', 'Canon EOS 5D Mark II', '', '', '1/250', '28/5', 3, '200', '2009:09:21 00:44:01', 2, 0, '40/1'),
(516, 'Riga (8).jpg', '', '', '', 1865312, 4076, 2717, '656ac603255a8f7f586377a6f1167cce', 'jpg', '', 'Canon', 'Canon EOS 5D Mark II', '', '', '1/200', '28/5', 3, '200', '2009:09:21 00:48:35', 2, 0, '172/1'),
(517, 'Riga (9).jpg', '', '', '', 2461547, 3426, 2284, 'bc623d20bdb53e429400b57d9a7041e9', 'jpg', '', 'Canon', 'Canon EOS 5D Mark II', '', '', '1/200', '28/5', 3, '1250', '2009:09:21 01:01:53', 2, 0, '200/1'),
(518, 'Riga (11).jpg', '', '', '', 2078639, 4368, 2912, 'e053e4bb15906db582ef479fcc03066f', 'jpg', '', 'Canon', 'Canon EOS 5D Mark II', '', '', '1/160', '28/5', 3, '400', '2009:09:21 01:10:06', 2, 0, '200/1'),
(519, 'Riga (14).jpg', '', '', '', 941459, 3579, 2386, 'ac4463fbb059e6423ed63f939a3b4d05', 'jpg', '', 'Canon', 'Canon EOS 5D Mark II', '', '', '1/640', '16/1', 3, '200', '2009:09:21 03:16:52', 2, 0, '98/1'),
(520, 'Riga.jpg', '', '', '', 4162336, 3360, 5067, '1b8b7b57a2b141f3d67def6ad2769383', 'jpg', '', 'Canon', 'Canon EOS 5D Mark II', '', '', '1/400', '9/2', 3, '200', '2009:09:20 23:00:24', 2, 0, '105/1'),
(521, 'Rome.jpg', '', '', '', 1333542, 3504, 2336, '69228afab16fd9ef64528cf7aa34ddb9', 'jpg', '', 'Canon', 'Canon EOS 5D Mark II', '', '', '1/100', '9/2', 2, '640', '2009:09:12 08:48:28', 5, 0, '105/1'),
(522, 'RomeBabyRoma (7).jpg', '', '', '', 3722850, 5087, 3391, '96bc9f85146b22f4a4f3bc67f323bf0b', 'jpg', '', 'Canon', 'Canon EOS 5D Mark II', '', '', '1/80', '9/2', 2, '320', '2009:09:12 06:55:05', 5, 0, '75/1'),
(523, 'RomeBabyRoma (9).jpg', '', '', '', 1447781, 3678, 2452, '40f36c0a7b8f183c89b83b6b738e8b3e', 'jpg', '', 'Canon', 'Canon EOS 5D Mark II', '', '', '1/80', '9/2', 2, '250', '2009:09:12 06:53:00', 5, 0, '85/1'),
(524, 'RomeFood.jpg', '', '', '', 4937600, 5045, 3363, '1153074dad8a9f85c47682e3642c2445', 'jpg', '', 'Canon', 'Canon EOS 5D Mark II', '', '', '1/200', '9/1', 2, '200', '2009:09:12 02:05:21', 5, 0, '40/1'),
(525, 'RomePantheon (1).jpg', '', '', '', 5483602, 3744, 5616, 'f1038ecd1683002277096f1af8764a95', 'jpg', '', 'Canon', 'Canon EOS 5D Mark II', '', '', '1/125', '9/2', 2, '2000', '2009:09:12 01:43:43', 5, 0, '105/1'),
(526, 'Salemi (1).jpg', '', '', '', 3661036, 4508, 3005, 'bddd6552fd8db7b5b68c77b9e93cf856', 'jpg', '', 'Canon', 'Canon EOS 5D Mark II', '', '', '1/80', '11/5', 2, '6400', '2009:09:07 14:10:10', 5, 0, '85/1'),
(527, 'Salemi (2).jpg', '', '', '', 4582859, 5243, 3495, '846cfdc80a5672f558ff0fc117b3dfd8', 'jpg', '', 'Canon', 'Canon EOS 5D Mark II', '', '', '1/250', '9/1', 2, '200', '2009:09:08 01:21:21', 5, 0, '60/1'),
(528, 'Salemi.jpg', '', '', '', 3430832, 5266, 3510, '672f28e61b3b2fec95d232ff03898627', 'jpg', '', 'Canon', 'Canon EOS 5D Mark II', '', '', '1/50', '9/5', 2, '3200', '2009:09:07 12:47:38', 5, 0, '85/1'),
(529, 'SalemiDoors.jpg', '', '', '', 3711496, 3052, 4578, 'cda81bd17db77da8b2e5683ac3c108ec', 'jpg', '', 'Canon', 'Canon EOS 5D Mark II', '', '', '1/160', '71/10', 2, '200', '2009:09:09 01:22:54', 5, 0, '45/1'),
(530, 'SalemiFlag.jpg', '', '', '', 3190631, 5616, 3744, '45fe5143aa1fba6021ad9dee91cf2901', 'jpg', '', 'Canon', 'Canon EOS 5D Mark II', '', '', '1/500', '11/1', 2, '200', '2009:09:08 03:15:29', 5, 0, '75/1'),
(531, 'SalemiFood.jpg', '', '', '', 3936579, 5616, 3744, '7a31084ff10571724a20efde80d945c8', 'jpg', '', 'Canon', 'Canon EOS 5D Mark II', '', '', '1/50', '4/1', 2, '3200', '2009:09:08 05:51:34', 5, 0, '80/1'),
(532, 'SalemiHouses.jpg', '', '', '', 6160348, 5019, 3346, '244a0bd0f60303c33b4200afda949638', 'jpg', '', 'Canon', 'Canon EOS 5D Mark II', '', '', '1/400', '11/1', 2, '200', '2009:09:09 00:10:13', 5, 0, '53/1'),
(533, 'SalemiLibrary.jpg', '', '', '', 3841788, 4866, 3244, 'd90eb0e34fa234de5e9dfac25d5d7206', 'jpg', '', 'Canon', 'Canon EOS 5D Mark II', '', '', '1/60', '4/1', 2, '1600', '2009:09:08 01:40:10', 5, 0, '53/1'),
(534, 'SalemiMayor.jpg', '', '', '', 3176032, 4432, 2954, 'ffc73011e71608f62788b62dc432d18a', 'jpg', '', 'Canon', 'Canon EOS 5D Mark II', '', '', '1/200', '4/1', 2, '200', '2009:09:08 04:30:22', 5, 0, '188/1'),
(535, 'SalemiRoofs.jpg', '', '', '', 9221506, 3744, 5616, '3fb19e8c447220fc4683310df27224fa', 'jpg', '', 'Canon', 'Canon EOS 5D Mark II', '', '', '1/640', '8/1', 2, '200', '2009:09:08 03:07:58', 5, 0, '200/1'),
(536, 'SalemiStreet (1).jpg', '', '', '', 3734851, 4073, 2715, '024643adb2a853063c6e7147d6dad9c7', 'jpg', '', 'Canon', 'Canon EOS 5D Mark II', '', '', '1/80', '28/5', 2, '200', '2009:09:09 00:51:09', 5, 0, '30/1'),
(537, 'SalemiStreet.jpg', '', '', '', 3362442, 5061, 3374, 'a987dc35532c51faaed06e8b44e9437b', 'jpg', '', 'Canon', 'Canon EOS 5D Mark II', '', '', '1/125', '5/1', 2, '200', '2009:09:09 00:48:18', 5, 0, '93/1'),
(538, 'SalemiWineBottles.jpg', '', '', '', 1976740, 5104, 3403, 'd5fb1e1203ae84e1006749bca54eb957', 'jpg', '', 'Canon', 'Canon EOS 5D Mark II', '', '', '1/400', '11/1', 2, '200', '2009:09:08 00:48:31', 5, 0, '53/1'),
(539, 'SanFrancisco (3).jpg', '', '', '', 1734645, 3382, 2256, 'db8239a9948e3cd02b98fa5f562ba26b', 'jpg', '', 'Canon', 'Canon EOS 5D Mark II', '', '', '1/60', '4/1', 3, '3200', '2009:12:25 18:03:58', 2, 0, '94/1'),
(540, 'SanFrancisco.jpg', '', '', '', 1242986, 3373, 2248, 'e66a2e67058e46a231ffe76771c0f212', 'jpg', '', 'Canon', 'Canon EOS 5D Mark II', '', '', '1/320', '71/10', 3, '200', '2009:12:25 17:48:03', 2, 0, '200/1'),
(541, 'Sangria.jpg', '', '', '', 1349629, 4201, 2800, 'c6b19c18decb85cb6467f8aa877f7abf', 'jpg', '', 'Canon', 'Canon EOS 5D Mark II', '', '', '1/500', '10/1', 2, '1600', '2009:08:15 19:40:02', 5, 0, '105/1'),
(542, 'Seattle (1).jpg', '', '', '', 2219420, 5616, 3744, '26dbdd8ce60e818d2f98455f970e5ea0', 'jpg', '', 'Canon', 'Canon EOS 5D Mark II', '', '', '1/200', '4/1', 2, '100', '2009:08:23 18:21:38', 5, 0, '200/1'),
(543, 'Seattle (2).jpg', '', '', '', 2328735, 4940, 3293, '6d2e9bb4b385623ec3b52e300fb0df54', 'jpg', '', 'Canon', 'Canon EOS 5D Mark II', '', '', '1/500', '8/1', 3, '200', '2009:11:11 16:42:23', 2, 0, '40/1'),
(544, 'Seattle (3).jpg', '', '', '', 4490148, 4586, 3057, '4f9172ea3a0abd25e9d7f6327a2f4e98', 'jpg', '', 'Canon', 'Canon EOS 5D Mark II', '', '', '1/20', '14/5', 3, '3200', '2009:12:06 00:31:49', 2, 0, '42/1'),
(545, 'Seattle (4).jpg', '', '', '', 3653125, 4114, 2743, '2d294aad0a04b23343ebd94dac1b52d5', 'jpg', '', 'Canon', 'Canon EOS 5D Mark II', '', '', '1/20', '14/5', 3, '3200', '2009:12:06 00:31:49', 2, 0, '42/1'),
(546, 'Seattle (6).jpg', '', '', '', 2135412, 3198, 2132, 'f2cbab6f87333d6a39fb10f58c68523e', 'jpg', '', 'Canon', 'Canon EOS 5D Mark II', '', '', '1/200', '4/1', 3, '1600', '2010:01:30 13:45:59', 2, 0, '200/1');
INSERT INTO `photos` (`id`, `fileName`, `title`, `description`, `keywords`, `fileSize`, `width`, `height`, `hash`, `extension`, `exifImageDescription`, `exifMake`, `exifModel`, `exifArtist`, `exifCopyright`, `exifExposureTime`, `exifFNumber`, `exifExposureProgram`, `exifISOSpeedRatings`, `exifDateTimeOriginal`, `exifMeteringMode`, `exifFlash`, `exifFocalLength`) VALUES
(547, 'Seattle (8).jpg', '', '', '', 3113876, 3057, 4586, '72ae204ff0c83f1caee652376101a43e', 'jpg', '', 'Canon', 'Canon EOS 5D Mark II', '', '', '1/640', '4/1', 3, '200', '2010:02:14 15:02:31', 2, 0, '70/1'),
(548, 'Seattle (10).jpg', '', '', '', 2317768, 3891, 2594, '7c2e5725c5d5b7b5f8fe22189d26075c', 'jpg', '', 'Canon', 'Canon EOS 5D Mark II', '', '', '1/160', '4/1', 3, '200', '2010:02:14 17:16:15', 2, 0, '70/1'),
(549, 'Seattle (11).jpg', '', '', '', 1544153, 3051, 2034, '8e81ea56855a2737efef48c36ec5f35b', 'jpg', '', 'Canon', 'Canon EOS 5D Mark II', '', '', '1/200', '4/1', 3, '200', '2010:02:14 17:16:47', 2, 0, '70/1'),
(550, 'Seattle (13).jpg', '', '', '', 1667619, 3388, 2259, 'f71be1566d5960822d7672e70167baf0', 'jpg', '', 'Canon', 'Canon EOS 5D Mark II', '', 'Copyright: Casey McSpadden', '1/200', '16/5', 3, '400', '2011:08:19 17:38:37', 2, 0, '63/1'),
(551, 'Seattle (14).jpg', '', '', '', 6221907, 5253, 3502, 'bec397f9df83df04307d5b8c1bbf5e9e', 'jpg', '', 'Canon', 'Canon EOS 5D Mark II', '', 'Copyright: Casey McSpadden', '1/50', '28/5', 3, '3200', '2011:08:15 20:35:41', 2, 0, '55/1'),
(552, 'Seattle.jpg', '', '', '', 995978, 3621, 2414, '3dcc605dfc02565bc3b8693c1b5c750a', 'jpg', '', 'Canon', 'Canon EOS 5D Mark II', '', '', '1/500', '63/10', 2, '100', '2009:08:23 17:51:48', 5, 0, '200/1'),
(553, 'Sicily (3).jpg', '', '', '', 2174231, 4261, 2841, '2e890fd82011e58df2e54cba51cee9bc', 'jpg', '', 'Canon', 'Canon EOS 5D Mark II', '', '', '1/80', '9/2', 2, '2500', '2009:09:07 04:50:06', 5, 0, '88/1'),
(554, 'Sicily (4).jpg', '', '', '', 3092005, 4991, 3327, 'a996e8eba34367b1d0ec83fdbc1cc3f1', 'jpg', '', 'Canon', 'Canon EOS 5D Mark II', '', '', '1/100', '9/2', 2, '3200', '2009:09:07 05:03:51', 5, 0, '105/1'),
(555, 'Sicily (5).jpg', '', '', '', 4723239, 3744, 5616, '2cc176299968539f4d55cf1549c4fce2', 'jpg', '', 'Canon', 'Canon EOS 5D Mark II', '', '', '1/200', '71/10', 2, '200', '2009:09:08 02:50:10', 5, 0, '85/1'),
(556, 'SicilyMelons.jpg', '', '', '', 3518681, 5616, 3744, '155a9c92da9104ad8a46d4caa8eb6379', 'jpg', '', 'Canon', 'Canon EOS 5D Mark II', '', '', '1/200', '28/5', 2, '200', '2009:09:09 08:26:26', 5, 0, '105/1'),
(557, 'SicilyRuins (1).jpg', '', '', '', 3394086, 4472, 2974, '159acd00eda93533f897333f815907ea', 'jpg', '', 'Canon', 'Canon EOS 5D Mark II', '', '', '1/320', '11/1', 2, '200', '2009:09:09 04:29:21', 5, 0, '28/1'),
(558, 'SicilyScopella.jpg', '', '', '', 2834150, 5040, 3360, '029aad791074bdc9950a21c0d0dd360d', 'jpg', '', 'Canon', 'Canon EOS 5D Mark II', '', '', '1/125', '28/5', 2, '200', '2009:09:09 08:26:33', 5, 0, '75/1'),
(559, 'SicilyTonnaro.jpg', '', '', '', 2951605, 3716, 5574, 'd4ccf87ab187cdc828941107c0b6d99d', 'jpg', '', 'Canon', 'Canon EOS 5D Mark II', '', '', '1/320', '13/1', 2, '200', '2009:09:11 01:24:42', 5, 0, '17/1'),
(560, 'SicilyTrapani.jpg', '', '', '', 1504517, 2309, 3463, 'fefdbaf16c35b39ca922adaa45c78d91', 'jpg', '', 'Canon', 'Canon EOS 5D Mark II', '', '', '1/500', '10/1', 2, '200', '2009:09:10 04:27:14', 5, 0, '105/1'),
(561, 'Stockholm (2).jpg', '', '', '', 1833948, 3965, 2643, '8ddd399de22931f04b46c94064be4371', 'jpg', '', 'Canon', 'Canon EOS 5D Mark II', '', '', '1/160', '11/1', 3, '320', '2009:09:23 04:42:45', 2, 0, '200/1'),
(562, 'Stockholm (5).jpg', '', '', '', 4306371, 5065, 3377, '87d5670f260857b7dfc377635e8f4ee3', 'jpg', '', 'Canon', 'Canon EOS 5D Mark II', '', '', '1/1000', '28/5', 3, '200', '2009:09:23 07:02:14', 2, 0, '100/1'),
(563, 'Stockholm (7).jpg', '', '', '', 3986726, 5345, 3563, 'abf0326cac616b5805828dff1be689d3', 'jpg', '', 'Canon', 'Canon EOS 5D Mark II', '', '', '1/160', '28/5', 3, '250', '2009:09:23 07:43:52', 2, 0, '200/1'),
(564, 'Stockholm (8).jpg', '', '', '', 2674790, 5266, 3559, '2d34b8dbf9d7f536ad8ac299973b7108', 'jpg', '', 'Canon', 'Canon EOS 5D Mark II', '', '', '1/400', '28/5', 3, '200', '2009:09:23 09:02:28', 2, 0, '200/1'),
(565, 'Stockholm (9).jpg', '', '', '', 2643389, 5266, 3559, 'a6ba4cdcc90e4a3537b5b874cdd5521f', 'jpg', '', 'Canon', 'Canon EOS 5D Mark II', '', '', '1/400', '28/5', 3, '200', '2009:09:23 09:02:28', 2, 0, '200/1'),
(566, 'Stockholm.jpg', '', '', '', 2318699, 4699, 3132, 'aeb9677fc4d260ee4d52d030e8a7a102', 'jpg', '', 'Canon', 'Canon EOS 5D Mark II', '', '', '1/200', '11/1', 3, '250', '2009:09:23 04:42:29', 2, 0, '200/1'),
(567, 'StPetersburg (2).jpg', '', '', '', 2047945, 4543, 3028, 'b1f015fae1886e91dd29c0af9e123b57', 'jpg', '', 'Canon', 'Canon EOS 5D Mark II', '', '', '1/25', '4/1', 2, '3200', '2009:09:14 09:43:23', 5, 0, '63/1'),
(568, 'StPetersburg (3).jpg', '', '', '', 2494629, 4825, 3217, 'f2c8a646c865909b48a9c06994c48296', 'jpg', '', 'Canon', 'Canon EOS 5D Mark II', '', '', '1/200', '9/1', 2, '200', '2009:09:15 22:56:59', 5, 0, '48/1'),
(569, 'StPetersburg (4).jpg', '', '', '', 1697729, 3665, 2443, '63abc6bebfe8fd613b2c99d06fb28db5', 'jpg', '', 'Canon', 'Canon EOS 5D Mark II', '', '', '1/125', '71/10', 2, '200', '2009:09:16 06:18:17', 5, 0, '28/1'),
(570, 'StPetersburg (5).jpg', '', '', '', 2726106, 3155, 4732, '8b9dc024fbff54485cf587a11491b100', 'jpg', '', 'Canon', 'Canon EOS 5D Mark II', '', '', '1/200', '63/10', 2, '200', '2009:09:16 06:19:12', 5, 0, '105/1'),
(571, 'StPetersburg (8).jpg', '', '', '', 2836185, 3273, 4910, 'ba43907f56bc4228de82676278a74b81', 'jpg', '', 'Canon', 'Canon EOS 5D Mark II', '', '', '1/400', '11/1', 2, '200', '2009:09:17 00:05:02', 5, 0, '50/1'),
(572, 'StPetersburg.jpg', '', '', '', 2606488, 5190, 3460, '20bf35567b3cfd6530e360d0aaa58c1f', 'jpg', '', 'Canon', 'Canon EOS 5D Mark II', '', '', '1/80', '5/1', 2, '200', '2009:09:14 08:10:49', 5, 0, '55/1'),
(573, 'Tallinn (1).jpg', '', '', '', 4679656, 3744, 5616, '35f50263d07c5255c01b027b664a1757', 'jpg', '', 'Canon', 'Canon EOS 5D Mark II', '', '', '1/1250', '4/1', 3, '200', '2009:09:19 07:54:26', 2, 0, '98/1'),
(574, 'Tallinn (2).jpg', '', '', '', 2361568, 2892, 4339, '779cf9891b52f23fc105b6991790473c', 'jpg', '', 'Canon', 'Canon EOS 5D Mark II', '', '', '1/1250', '4/1', 3, '200', '2009:09:19 08:09:11', 2, 0, '70/1'),
(575, 'Tallinn (3).jpg', '', '', '', 3674789, 3740, 2493, 'd02c0f13df3b0086031e58d5d237c806', 'jpg', '', 'Canon', 'Canon EOS 5D Mark II', '', '', '1/60', '4/1', 3, '3200', '2009:09:19 08:39:04', 2, 0, '200/1'),
(576, 'Tallinn (4).jpg', '', '', '', 2071798, 3367, 2244, '904549e2a1d027f334cd02e18c2bdec5', 'jpg', '', 'Canon', 'Canon EOS 5D Mark II', '', '', '1/100', '9/2', 3, '1250', '2009:09:19 08:51:22', 2, 0, '90/1'),
(577, 'Tallinn (5).jpg', '', '', '', 4837790, 4374, 2916, '2ab5def2d46a5619519a05acc4c6bedd', 'jpg', '', 'Canon', 'Canon EOS 5D Mark II', '', '', '1/100', '9/2', 3, '3200', '2009:09:19 09:15:20', 2, 0, '105/1'),
(578, 'Tallinn (6).jpg', '', '', '', 5023213, 4767, 3178, '82d585572f88ecc5d615fb8aa7d145ff', 'jpg', '', 'Canon', 'Canon EOS 5D Mark II', '', '', '1/125', '9/2', 3, '3200', '2009:09:19 09:15:39', 2, 0, '105/1'),
(579, 'Whidbey (2).jpg', '', '', '', 2416689, 3847, 2564, '3272d3e4a677d2fa32861e26c6c3c301', 'jpg', '', 'Canon', 'Canon EOS 5D Mark II', '', 'Copyright: Casey McSpadden', '1/500', '8/1', 3, '100', '2010:07:21 14:47:39', 2, 0, '57/1'),
(580, 'Whidbey (3).jpg', '', '', '', 475800, 1755, 1170, '3fbf99eed44fe0ce37d72d2235fd7803', 'jpg', '', 'Canon', 'Canon EOS 5D Mark II', '', 'Copyright: Casey McSpadden', '1/160', '4/1', 3, '100', '2011:06:19 15:13:11', 2, 0, '70/1'),
(583, '20111104 1 (1).jpg', '', '', '', 2969487, 5100, 3400, 'f92d025ec412c447154582b7f0ab229e', 'jpg', '', 'Canon', 'Canon EOS 5D Mark II', '', 'Copyright: Casey McSpadden', '1/320', '28/5', 3, '100', '2010:07:29 20:16:45', 2, 0, '55/1'),
(584, '20111104 1 (2).jpg', '', '', '', 3419171, 4795, 3196, '305f3c5e444d54e57dbd987041f83dd9', 'jpg', '', 'Canon', 'Canon EOS 5D Mark II', '', 'Copyright: Casey McSpadden', '1/250', '4/1', 3, '400', '2011:09:25 13:59:42', 2, 0, '70/1'),
(585, '20111104 1.jpg', '', '', '', 6114014, 5616, 3744, '57f6d32b5eed9e0ef03649c8c534ae8d', 'jpg', '', 'Canon', 'Canon EOS 5D Mark II', '', 'Copyright: Casey McSpadden', '1/320', '8/1', 3, '100', '2011:02:04 17:15:15', 2, 0, '38/1'),
(586, '20111104 2.jpg', '', '', '', 3616614, 4439, 2959, '5b32179dc22e3421f3d88bdc3406e6ff', 'jpg', '', 'Canon', 'Canon EOS 5D Mark II', '', 'Copyright: Casey McSpadden', '1/250', '9/2', 3, '100', '2011:02:04 17:19:12', 2, 0, '25/1'),
(587, '20111104 5 (1).jpg', '', '', '', 4273918, 5467, 3645, 'fd081c6b5a1a8f46a83cd2c25786d50d', 'jpg', '', 'Canon', 'Canon EOS 5D Mark II', '', 'Copyright: Casey McSpadden', '1/320', '11/1', 3, '100', '2010:08:15 08:17:28', 2, 0, '42/1'),
(588, '20111104 5 (2).jpg', '', '', '', 5149234, 5616, 3744, 'a60c7e4dc571d633c98d78dffab88f67', 'jpg', '', 'Canon', 'Canon EOS 5D Mark II', '', 'Copyright: Casey McSpadden', '8/5', '8/1', 3, '400', '2011:09:26 04:45:27', 2, 0, '28/1'),
(589, '20111107.jpg', '', '', '', 514319, 2391, 1594, '9f63ce2aa32cf021c140a08d26f877d4', 'jpg', '', 'Canon', 'Canon EOS 5D Mark II', '', '', '1/500', '63/10', 2, '100', '2009:08:23 17:51:48', 5, 0, '200/1'),
(590, '20111114 (2).jpg', '', '', '', 3482958, 3515, 5273, '76bd38925df619a94e247f769cb8cc9e', 'jpg', '', 'Canon', 'Canon EOS 5D Mark II', '', '', '1/60', '9/2', 2, '3200', '2009:09:16 02:14:48', 5, 0, '95/1'),
(591, '20111114 (9).jpg', '', '', '', 5632284, 5468, 3645, 'ed7f33e78d16ce29a8e81dafcd921408', 'jpg', '', 'Canon', 'Canon EOS 5D Mark II', '', '', '1/200', '9/2', 3, '200', '2009:09:18 05:41:42', 2, 0, '140/1'),
(592, '20111114 (12).jpg', '', '', '', 4136845, 5389, 3593, '6f8b4818c443e177ff1eca7134bcffc4', 'jpg', '', 'Canon', 'Canon EOS 5D Mark II', '', '', '1/640', '8/1', 3, '200', '2009:10:19 14:25:22', 2, 0, '24/1'),
(593, '20111114 (13).jpg', '', '', '', 2687347, 3506, 2337, '1cf816c43a4fa1a22633d455949c3d0d', 'jpg', '', 'Canon', 'Canon EOS 5D Mark II', '', '', '1/160', '4/1', 3, '200', '2010:02:21 14:58:07', 2, 0, '24/1'),
(594, '20111114 (14).jpg', '', '', '', 1802312, 3787, 2525, '3cdab9ea0f69ca9715781c2c263a7096', 'jpg', '', 'Canon', 'Canon EOS 5D Mark II', '', '', '1/1600', '4/1', 3, '200', '2010:02:21 16:37:41', 2, 0, '200/1'),
(595, '20111116 (16).jpg', '', '', '', 6987201, 5002, 3334, 'ceff9f580fa84de778b356dd342a1313', 'jpg', '', 'Canon', 'Canon EOS 5D Mark II', '', '', '1/3200', '14/5', 3, '200', '2009:11:01 14:06:59', 2, 0, '24/1'),
(596, '20111117 (5).jpg', '', '', '', 293688, 1286, 857, 'deefcf6c6e547c86b2b7abea4500eefa', 'jpg', '', 'Eastman Kodak Company', 'Kodak CLAS Digital Film Scanner / HR200', '', '', '', '', 0, '', '2006:03:25 05:54:00', 0, 0, ''),
(597, '20111117 (10).jpg', '', '', '', 213736, 1030, 686, '7e000ce76cebbb0c3ef4ff2f2c86048c', 'jpg', '', 'Eastman Kodak Company', 'Kodak CLAS Digital Film Scanner / HR200', '', '', '', '', 0, '', '2006:03:29 00:58:00', 0, 0, ''),
(598, '20111118 (3).jpg', '', '', '', 2220300, 3939, 2626, '6cf463f00d4a39d837cef5b896101b76', 'jpg', '', 'Canon', 'Canon EOS 50D', '', 'Copyright: Casey McSpadden', '1/30', '4/1', 2, '1600', '2009:04:12 12:35:54', 5, 0, '17/1'),
(599, 'Baltic (21).jpg', '', '', '', 1536564, 4339, 2893, '1be7c06c5f0876e624cae327f1612393', 'jpg', '', 'Canon', 'Canon EOS 5D Mark II', '', '', '1/250', '0/1', 1, '200', '2009:09:27 00:25:26', 2, 0, '50/1'),
(600, 'BVI (18).jpg', '', '', '', 2675309, 3805, 2537, '1e67acb20c6277e5f6c3584d1fdd9d82', 'jpg', '', 'Canon', 'Canon EOS 50D', '', '', '1/320', '10/1', 2, '100', '2009:02:28 07:04:54', 5, 0, '28/1'),
(601, 'BVI (21).jpg', '', '', '', 4252221, 2937, 4405, '80ec0cf03c3a52d22e823eb38d9ebeda', 'jpg', '', 'Canon', 'Canon EOS 50D', '', '', '1/200', '8/1', 2, '100', '2009:02:28 07:32:55', 5, 0, '28/1'),
(602, 'BVI (22).jpg', '', '', '', 3416936, 4704, 3136, '09059747a272c8befd0ef14c8923e401', 'jpg', '', 'Canon', 'Canon EOS 50D', '', '', '1/250', '8/1', 2, '100', '2009:02:28 08:27:49', 5, 0, '44/1'),
(603, 'CecilCooking.jpg', '', '', '', 4366137, 5078, 3385, '3c20ac8f1dc7ae146eb4ef226b70d6af', 'jpg', '', 'Canon', 'Canon EOS 5D Mark II', '', '', '1/40', '9/2', 2, '6400', '2009:08:15 21:48:59', 5, 0, '105/1'),
(604, 'DCFriends (1).jpg', '', '', '', 1431625, 3660, 2440, 'f2b20605abe7acc366e40ab4a09150ec', 'jpg', '', 'Canon', 'Canon EOS 5D Mark II', '', '', '1/160', '4/1', 2, '200', '2009:07:05 10:07:39', 5, 0, '168/1'),
(605, 'DCFriends.jpg', '', '', '', 1593579, 2639, 3958, '724f7b3d0b51ad42889a0a0447f218fd', 'jpg', '', 'Canon', 'Canon EOS 5D Mark II', '', '', '1/160', '4/1', 2, '160', '2009:07:05 10:09:02', 5, 0, '135/1'),
(606, 'FourthOfJuly (5).jpg', '', '', '', 2703339, 4611, 3074, '91c8b02cc4ae897d1e920cadf96713c7', 'jpg', '', 'Canon', 'Canon EOS 5D Mark II', '', 'Copyright: Casey McSpadden', '1/160', '5/1', 3, '400', '2011:07:04 18:18:56', 2, 0, '200/1'),
(607, 'IMG_2855.jpg', '', '', '', 2304323, 3031, 3031, '047d7907bb12399cf6928c7891179f2a', 'jpg', '', 'Canon', 'Canon EOS 5D Mark II', 'Photographer: Casey McSpadden', 'Copyright: Casey McSpadden', '1/250', '11/1', 3, '100', '2012:11:12 11:37:45', 2, 16, '50/1'),
(608, 'IMG_3081-Edit.jpg', '', '', '', 5976093, 5424, 3616, 'a20be2273360cdf8b2f53a2871108446', 'jpg', '', 'Canon', 'Canon EOS 5D Mark II', 'Photographer: Casey McSpadden', 'Copyright: Casey McSpadden', '1/100', '63/10', 3, '100', '2012:11:21 16:58:41', 2, 16, '70/1'),
(609, 'IMG_6965.jpg', '', '', '', 5320520, 5616, 3744, '5a97693feaec7bcb4cbc8df7dba066cb', 'jpg', '', 'Canon', 'Canon EOS 5D Mark II', '', '', '1/200', '28/5', 2, '100', '2009:06:03 15:15:29', 5, 0, '98/1'),
(610, 'IMG_8533-Edit.jpg', '', '', '', 7296560, 5368, 3578, '1486f610286e5f53fcda67a268d27a2a', 'jpg', '', 'Canon', 'Canon EOS 5D Mark II', 'Photographer: Casey McSpadden', 'Copyright: Casey McSpadden', '1/250', '8/1', 3, '100', '2013:06:03 11:16:26', 2, 16, '62/1'),
(611, 'IMG_8536-Edit.jpg', '', '', '', 4909269, 4869, 3246, '38a3c66f906b3566dd2b232a19329852', 'jpg', '', 'Canon', 'Canon EOS 5D Mark II', 'Photographer: Casey McSpadden', 'Copyright: Casey McSpadden', '1/500', '8/1', 3, '100', '2013:06:03 11:20:22', 2, 16, '46/1'),
(612, 'KansasCity (4).jpg', '', '', '', 6027952, 5616, 3744, '73a3246ccbac4b16b775d49bcb1a9553', 'jpg', '', 'Canon', 'Canon EOS 5D Mark II', '', 'Copyright: Casey McSpadden', '1/1000', '4/1', 3, '400', '2011:07:04 17:55:57', 2, 0, '131/1'),
(613, 'KansasCity (7).jpg', '', '', '', 4606075, 5616, 3744, 'f20f8ad79ba0146272f2bf15a2dea5f7', 'jpg', '', 'Canon', 'Canon EOS 5D Mark II', '', '', '1/125', '28/5', 3, '200', '2010:02:06 16:00:50', 2, 0, '30/1'),
(614, 'KansasCity (26).jpg', '', '', '', 2546036, 4151, 2767, '9fe49bb908933a47ea4499f08b90e120', 'jpg', '', 'Canon', 'Canon EOS 5D Mark II', '', '', '1/160', '14/5', 3, '800', '2010:07:04 17:51:25', 2, 0, '50/1'),
(615, 'KansasCity.jpg', '', '', '', 4233936, 4912, 3274, '6c4d3f96f0e291ee1aa79a81b16e2213', 'jpg', '', 'Canon', 'Canon EOS 5D Mark II', '', 'Copyright: Casey McSpadden', '1/10', '9/2', 3, '3200', '2011:07:03 18:54:40', 2, 0, '42/1'),
(616, 'KansasMove (3).jpg', '', '', '', 2191222, 3154, 2103, 'a12e8eae653b74e06ce0f8d365d6008e', 'jpg', '', 'Canon', 'Canon EOS 5D Mark II', '', 'Copyright: Casey McSpadden', '1/125', '16/1', 3, '100', '2011:08:05 15:10:07', 2, 0, '45/1'),
(617, 'KansasMove (4).jpg', '', '', '', 5700785, 5616, 3744, '85280ccb52c71eb6a4c99593a2b7225b', 'jpg', '', 'Canon', 'Canon EOS 5D Mark II', '', 'Copyright: Casey McSpadden', '1/160', '11/1', 3, '100', '2011:08:05 15:45:06', 2, 0, '135/1'),
(618, 'KansasMove (9).jpg', '', '', '', 4804776, 5616, 3744, '9560c5f15a096d200b1471c041c41635', 'jpg', '', 'Canon', 'Canon EOS 5D Mark II', '', 'Copyright: Casey McSpadden', '1/640', '8/1', 3, '100', '2011:08:06 06:07:38', 2, 0, '35/1'),
(619, 'KC.jpg', '', '', '', 2699916, 5616, 3744, 'a6d265b9c529c6fe89f26711302fafa4', 'jpg', '', 'Canon', 'Canon EOS 5D Mark II', '', '', '1/1250', '8/1', 3, '100', '2010:06:20 08:00:53', 2, 0, '30/1'),
(620, 'KCIndustrial 1.jpg', '', '', '', 3919531, 4408, 2938, '9f4e29d3a3a8e55b6ea70063a9876aa6', 'jpg', '', 'Canon', 'Canon EOS 5D Mark II', '', 'Copyright: Casey McSpadden', '1/800', '8/1', 3, '100', '2010:12:12 12:20:53', 2, 0, '40/1'),
(621, 'KCIndustrial 2.jpg', '', '', '', 4759995, 5286, 3524, 'b44e7df433b27cbf8dd4b136ee2ddcd0', 'jpg', '', 'Canon', 'Canon EOS 5D Mark II', '', 'Copyright: Casey McSpadden', '1/320', '8/1', 3, '100', '2010:12:12 12:22:42', 2, 0, '30/1'),
(622, 'NewZealand (7).jpg', '', '', '', 2801324, 5261, 3500, 'e4f61d281e92bc68c71a0d267f703e7b', 'jpg', 'Polo Cafe co-owner/chef Valentina Dias, Wellington, New Zealand', 'Canon', 'Canon EOS 5D Mark II', '', 'Copyright © 2010 Casey McSpadden All Rights Reserved casey@cros', '1/40', '4/1', 2, '160', '2009:06:06 18:06:51', 5, 0, '31/1'),
(623, 'NewZealand (24).jpg', '', '', '', 2446966, 4279, 2853, 'b6b86af0575dde06df21bf2eec5d2313', 'jpg', '', 'Canon', 'Canon EOS 5D Mark II', '', '', '1/50', '4/1', 2, '3200', '2009:06:02 18:14:50', 5, 0, '188/1'),
(624, 'NewZealand (28).jpg', '', '', '', 4520183, 3744, 5616, 'e04022b1d004c9b68d33738373015d90', 'jpg', '', 'Canon', 'Canon EOS 5D Mark II', '', '', '1/160', '9/1', 2, '100', '2009:06:03 15:30:47', 5, 0, '25/1'),
(625, 'NewZealand (34).jpg', '', '', '', 1431501, 3268, 2179, 'aff8d82e61b97e32c6f194d6211a3d44', 'jpg', '', 'Canon', 'Canon EOS 50D', '', 'Copyright: Casey McSpadden', '1/125', '5/1', 2, '100', '2009:06:07 19:12:45', 5, 0, '40/1'),
(626, 'NewZealand (37).jpg', '', '', '', 1416794, 3975, 2650, '69a4683469bd7851a148f7ff0e95ff34', 'jpg', '', 'Canon', 'Canon EOS 5D Mark II', '', '', '1/160', '4/1', 2, '125', '2009:06:03 18:35:03', 5, 0, '200/1'),
(627, 'Oregon (2).jpg', '', '', '', 5414675, 5005, 3336, '263a7ee81b8c07be5986de9adce102f4', 'jpg', '', 'Canon', 'Canon EOS 5D Mark II', '', '', '1/320', '16/1', 3, '200', '2010:05:02 14:32:22', 2, 0, '54/1'),
(628, 'Paris (3).jpg', '', '', '', 1766202, 3862, 2567, '2c77cc725a0f902883e4fba16c382a60', 'jpg', '', 'Canon', 'Canon EOS 5D Mark II', '', '', '1/1250', '8/1', 3, '200', '2009:09:30 04:13:03', 2, 0, '20/1'),
(629, 'Paris (16).jpg', '', '', '', 2531236, 2892, 4335, '36fa7953eedf6ebf32806cdfd3942acb', 'jpg', '', 'Canon', 'Canon EOS 5D Mark II', '', '', '1/320', '11/1', 3, '200', '2009:10:01 06:14:04', 2, 0, '172/1'),
(630, 'Portland (2).jpg', '', '', '', 3194479, 4657, 3105, '8c91144c1bac3020898f93e71e8dcdca', 'jpg', '', 'Canon', 'Canon EOS 50D', '', 'Copyright: Casey McSpadden', '1/50', '7/2', 2, '320', '2009:04:17 19:26:59', 5, 0, '33/1'),
(631, 'Portland.jpg', '', '', '', 2127454, 4752, 3168, 'b8f341a72cb097036736ff3d476dc025', 'jpg', '', 'Canon', 'Canon EOS 50D', '', 'Copyright: Casey McSpadden', '1/100', '5/1', 2, '160', '2009:04:17 19:19:15', 5, 0, '65/1'),
(632, 'Prairie 1.jpg', '', '', '', 2947267, 4165, 2776, 'f2030a31640cde970f7c569b65679727', 'jpg', '', 'Canon', 'Canon EOS 5D Mark II', '', 'Copyright: Casey McSpadden', '1/320', '9/2', 3, '100', '2011:08:05 17:45:00', 2, 0, '70/1'),
(633, 'Prairie 2.jpg', '', '', '', 5128487, 5616, 3744, '4cc2f26e2a2f7760e1569594fd9ef77d', 'jpg', '', 'Canon', 'Canon EOS 5D Mark II', '', 'Copyright: Casey McSpadden', '1/200', '8/1', 3, '100', '2011:08:05 17:59:28', 2, 0, '17/1'),
(634, 'Prairie 3.jpg', '', '', '', 5795250, 5616, 3744, 'fd1874fd55be512f168b0c05158cbf30', 'jpg', '', 'Canon', 'Canon EOS 5D Mark II', '', 'Copyright: Casey McSpadden', '1/500', '8/1', 3, '100', '2011:08:05 18:31:05', 2, 0, '40/1'),
(635, 'Prairie 6.jpg', '', '', '', 5897618, 5010, 3340, '72bcbf251c2425e25eb67d0291bc25fd', 'jpg', '', 'Canon', 'Canon EOS 5D Mark II', '', 'Copyright: Casey McSpadden', '1/800', '8/1', 3, '100', '2011:08:06 07:55:40', 2, 0, '140/1'),
(636, 'Riga (10).jpg', '', '', '', 2542248, 3295, 4942, 'e0097979d9bc30d50babb767a314894d', 'jpg', '', 'Canon', 'Canon EOS 5D Mark II', '', '', '1/100', '28/5', 3, '1000', '2009:09:21 01:09:39', 2, 0, '126/1'),
(637, 'RomeBabyRoma (3).jpg', '', '', '', 1791421, 4122, 2748, '7379b71bdc10b19c287855313e352e0d', 'jpg', '', 'Canon', 'Canon EOS 5D Mark II', '', '', '1/100', '9/2', 2, '500', '2009:09:12 05:58:10', 5, 0, '105/1'),
(638, 'RomeBabyRoma (4).jpg', '', '', '', 1326335, 3394, 2263, 'dfa7b81b1c1b624c6ddca2712d7b00d6', 'jpg', '', 'Canon', 'Canon EOS 5D Mark II', '', '', '1/125', '5/1', 2, '500', '2009:09:12 05:58:26', 5, 0, '105/1'),
(639, 'RomeBabyRoma (5).jpg', '', '', '', 1972921, 4566, 3044, 'f8160b06137e3401dba0212375f2c036', 'jpg', '', 'Canon', 'Canon EOS 5D Mark II', '', '', '1/125', '5/1', 2, '200', '2009:09:12 06:21:46', 5, 0, '105/1'),
(640, 'RomeBabyRoma (6).jpg', '', '', '', 3592596, 5616, 3744, 'b317771670bc890bf253b763308673d3', 'jpg', '', 'Canon', 'Canon EOS 5D Mark II', '', '', '1/125', '5/1', 2, '200', '2009:09:12 06:37:28', 5, 0, '83/1'),
(641, 'SalemiFood (2).jpg', '', '', '', 2738153, 4642, 3095, 'bc6960ace5ff2e59bd92b6de0d48cf00', 'jpg', '', 'Canon', 'Canon EOS 5D Mark II', '', '', '1/60', '9/2', 2, '3200', '2009:09:08 06:44:50', 5, 0, '96/1'),
(642, 'SanFrancisco (1).jpg', '', '', '', 3864701, 4382, 2921, '45fa2281dddcb29815a1adf3c28ff04d', 'jpg', '', 'Canon', 'Canon EOS 5D Mark II', '', '', '1/160', '4/1', 3, '1250', '2009:12:25 17:56:06', 2, 0, '200/1'),
(643, 'Seattle (5).jpg', '', '', '', 3404575, 4930, 3286, '32900aa5ccc619c621074de14320d86d', 'jpg', '', 'Canon', 'Canon EOS 5D Mark II', '', '', '1/50', '71/10', 3, '250', '2009:12:08 17:22:56', 2, 0, '51/1'),
(644, 'Seattle (12).jpg', '', '', '', 2822221, 3092, 4639, '8d07669b37a8f635683a87cb2f075527', 'jpg', '', 'Canon', 'Canon EOS 5D Mark II', '', '', '1/60', '4/1', 3, '200', '2010:02:21 17:44:02', 2, 0, '32/1'),
(645, 'SicilyLandscape.jpg', '', '', '', 3063799, 3958, 2639, '68722911a72ac47b1003c3409ed040cc', 'jpg', '', 'Canon', 'Canon EOS 5D Mark II', '', '', '1/320', '10/1', 2, '200', '2009:09:07 08:42:17', 5, 0, '65/1'),
(646, 'SicilyRuins.jpg', '', '', '', 7420517, 3744, 5616, '6fd9dd42b59d39136da21966f2166c7b', 'jpg', '', 'Canon', 'Canon EOS 5D Mark II', '', '', '1/250', '8/1', 2, '200', '2009:09:09 04:12:53', 5, 0, '80/1'),
(647, 'SicilyStreetArtist 001.jpg', '', '', '', 3637539, 4044, 2927, 'b6664bc01d250ce30d1fd3f379c926ce', 'jpg', '', 'Canon', 'Canon EOS 5D Mark II', '', '', '1/80', '5/1', 2, '2000', '2009:09:07 02:28:29', 5, 0, '85/1'),
(648, 'Stockholm (1).jpg', '', '', '', 1888799, 4124, 2749, 'df072d3b510317b012b5b237e5d48e7a', 'jpg', '', 'Canon', 'Canon EOS 5D Mark II', '', '', '1/200', '11/1', 3, '200', '2009:09:23 04:42:31', 2, 0, '149/1'),
(649, 'Whidbey.jpg', '', '', '', 3521672, 5169, 3446, '4ad0c62a113c294578e8bb8acc1485a9', 'jpg', '', 'Canon', 'Canon EOS 5D Mark II', '', 'Copyright: Casey McSpadden', '1/200', '8/1', 3, '100', '2010:07:18 12:58:47', 2, 0, '70/1'),
(650, 'Winter2011 4.jpg', '', '', '', 2702110, 4796, 3197, 'aa330fd34e6bc7c1645a2e43054cee07', 'jpg', '', 'Canon', 'Canon EOS 5D Mark II', '', 'Copyright: Casey McSpadden', '1/50', '8/1', 3, '100', '2011:02:27 07:22:38', 2, 0, '68/1'),
(651, 'WinthropCabin.jpg', '', '', '', 6425027, 5390, 3593, 'bb8abe90826499aa9366111d7f8d6954', 'jpg', '', 'Canon', 'Canon EOS 5D Mark II', '', '', '1/160', '8/1', 2, '100', '2009:08:30 14:16:34', 5, 0, '28/1'),
(652, 'a45a73b copy.jpg', '', '', '', 814546, 4006, 5804, 'e7fc306c26539b711ee80ee6c4204134', 'jpg', '', '', '', '', '', '', '', 0, '', '', 0, 0, ''),
(655, 'Ellen-3.jpg', '', '', '', 1496384, 2544, 3816, '5172774b5d791784ce76365d0d32ff38', 'jpg', '', 'Canon', 'Canon EOS 5D Mark II', '', '', '1/80', '56/10', 3, '200', '2010:04:16 11:20:48', 2, 16, '70/1'),
(656, 'Ellen-4.jpg', '', '', '', 1546941, 3507, 2339, 'b4f46d3b676a08576aeddae178e345be', 'jpg', '', 'Canon', 'Canon EOS 5D Mark II', '', '', '1/320', '71/10', 3, '200', '2010:04:16 13:24:23', 2, 16, '70/1'),
(657, 'Ellen-5.jpg', '', '', '', 3572061, 5616, 3744, '2d64bd7b535f6bce5de4642224837532', 'jpg', '', 'Canon', 'Canon EOS 5D Mark II', '', '', '1/60', '4/1', 3, '640', '2010:03:04 16:12:49', 2, 16, '65/1'),
(658, 'Ellen-6.jpg', '', '', '', 2992853, 5616, 3744, 'b2100cb7fac6127fc05cdd28644823d7', 'jpg', '', 'Canon', 'Canon EOS 5D Mark II', '', '', '1/30', '4/1', 3, '250', '2009:10:02 11:20:07', 2, 16, '26/1'),
(659, 'Ellen-7.jpg', '', '', '', 1872812, 2794, 4191, '3d02a637e751fbbb202d179682490420', 'jpg', '', 'Canon', 'Canon EOS 5D Mark II', '', '', '1/320', '11/1', 3, '200', '2009:10:01 06:14:04', 2, 16, '172/1'),
(660, 'Ellen-8.jpg', '', '', '', 1983420, 4955, 3304, '89aba50a1966b379002a0b35fb26082a', 'jpg', '', 'Canon', 'Canon EOS 5D Mark II', 'Photographer: Casey McSpadden', 'Copyright: Casey McSpadden', '1/200', '11/1', 3, '100', '2011:01:08 14:42:14', 2, 16, '38/1');

-- --------------------------------------------------------

--
-- Table structure for table `products`
--

CREATE TABLE `products` (
  `id` int(10) unsigned NOT NULL,
  `description` varchar(128) NOT NULL DEFAULT '',
  `code` varchar(32) NOT NULL DEFAULT '',
  `size` varchar(16) NOT NULL,
  `minppi` int(10) unsigned NOT NULL DEFAULT '150',
  `price` decimal(10,2) NOT NULL
) ENGINE=InnoDB AUTO_INCREMENT=45 DEFAULT CHARSET=latin1;

--
-- Dumping data for table `products`
--

INSERT INTO `products` (`id`, `description`, `code`, `size`, `minppi`, `price`) VALUES
(1, '4x4 inch print', '4x4', '4x4', 150, '0.55'),
(2, '4x6 inch print', '4x6', '4x6', 150, '0.60'),
(3, '5x7 inch print', '5x7', '5x7', 150, '1.25'),
(4, '6x6 inch print', '6x6', '6x6', 150, '1.20'),
(5, '8x8 inch print', '8x8', '8x8', 150, '1.60'),
(6, '8x10 inch print', '8x10', '8x10', 150, '2.40'),
(7, '8x12 inch print', '8x12', '8x12', 150, '2.75'),
(8, '10x12 inch print', '10x12', '10x12', 150, '3.10'),
(9, '10x15 inch print', '10x15', '10x15', 150, '4.70'),
(10, '12x16 inch print', '12x16', '12x16', 150, '4.70'),
(11, '8x10 poster mounted in 12x16 frame', 'F12x16_8x10', '8x10', 150, '36.00'),
(12, '10x10 poster mounted in 12x12 frame', 'F12x12_10x10', '10x10', 150, '36.00'),
(13, '12x18 inch poster print', 'P12x18', '12x18', 150, '24.00'),
(14, '16x24 inch poster print', 'P16x24', '16x24', 150, '24.00'),
(15, '18x18 inch poster print', 'P18x18', '18x18', 150, '24.00'),
(16, '18x24 inch poster print', 'P18x24', '18x24', 150, '32.00'),
(17, '20x30 inch poster print', 'P20x30', '20x30', 150, '31.00'),
(18, '24x36 inch poster print', 'P24x36', '24x36', 150, '55.00'),
(19, '8x10 inch canvas with mirrored edges on 1.5 inch stretchers', 'C8x10_nowrap', '8x10', 150, '45.00'),
(20, '10x12 inch canvas with mirrored edges on 1.5 inch stretchers', 'C10x12_nowrap', '10x12', 150, '50.00'),
(21, '11x14 inch canvas with mirrored edges on 1.5 inch stretchers', 'C11x14_nowrap', '11x14', 150, '55.00'),
(22, '12x12 inch canvas with mirrored edges on 1.5 inch stretchers', 'C12x12_nowrap', '12x12', 150, '48.00'),
(23, '8x10 inch gallery wrapped canvas on 1.5 inch stretchers', 'C8x10', '8x10', 150, '45.00'),
(24, '12x16 inch canvas with mirrored edges on 1.5 inch stretchers', 'C12x16_nowrap', '12x16', 150, '62.00'),
(25, '12x18 inch canvas with mirrored edges on 1.5 inch stretchers', 'C12x18_nowrap', '12x18', 150, '62.00'),
(26, '10x12 inch gallery wrapped canvas on 1.5 inch stretchers', 'C10x12', '10x12', 150, '50.00'),
(27, '11x14 inch gallery wrapped canvas on 1.5 inch stretchers', 'C11x14', '11x14', 150, '55.00'),
(28, '12x12 inch gallery wrapped canvas on 1.5 inch stretchers', 'C12x12', '12x12', 150, '48.00'),
(29, '16x16 inch canvas with mirrored edges on 1.5 inch stretchers', 'C16x16_nowrap', '16x16', 150, '62.00'),
(30, '12x16 inch gallery wrapped canvas on 1.5 inch stretchers', 'C12x16', '12x16', 150, '62.00'),
(31, '16x20 inch canvas with mirrored edges on 1.5 inch stretchers', 'C16x20_nowrap', '16x20', 150, '70.00'),
(32, '12x18 inch gallery wrapped canvas on 1.5 inch stretchers', 'C12x18', '12x18', 150, '62.00'),
(33, '16x24 inch canvas with mirrored edges on 1.5 inch stretchers', 'C16x24_nowrap', '16x24', 150, '80.00'),
(34, '16x16 inch gallery wrapped canvas on 1.5 inch stretchers', 'C16x16', '16x16', 150, '62.00'),
(35, '20x20 inch canvas with mirrored edges on 1.5 inch stretchers', 'C20x20_nowrap', '20x20', 150, '80.00'),
(36, '16x20 inch gallery wrapped canvas on 1.5 inch stretchers', 'C16x20', '16x20', 150, '70.00'),
(37, '20x24 inch canvas with mirrored edges on 1.5 inch stretchers', 'C20x24_nowrap', '20x24', 150, '88.00'),
(38, '16x24 inch gallery wrapped canvas on 1.5 inch stretchers', 'C16x24', '16x24', 150, '80.00'),
(39, '20x30 inch canvas with mirrored edges on 1.5 inch stretchers', 'C20x30_nowrap', '20x30', 150, '130.00'),
(40, '20x20 inch gallery wrapped canvas on 1.5 inch stretchers', 'C20x20', '20x20', 150, '80.00'),
(41, '24x24 inch canvas with mirrored edges on 1.5 inch stretchers', 'C24x24_nowrap', '24x24', 150, '100.00'),
(42, '20x24 inch gallery wrapped canvas on 1.5 inch stretchers', 'C20x24', '20x24', 150, '88.00'),
(43, '20x30 inch gallery wrapped canvas on 1.5 inch stretchers', 'C20x30', '20x30', 150, '130.00'),
(44, '24x24 inch gallery wrapped canvas on 1.5 inch stretchers', 'C24x24', '24x24', 150, '100.00');

-- --------------------------------------------------------

--
-- Table structure for table `requests`
--

CREATE TABLE `requests` (
  `id` int(11) NOT NULL,
  `uid` int(11) NOT NULL,
  `rkey` varchar(20) NOT NULL,
  `expire` datetime NOT NULL,
  `type` varchar(20) NOT NULL
) ENGINE=InnoDB DEFAULT CHARSET=utf8;

-- --------------------------------------------------------

--
-- Table structure for table `sessions`
--

CREATE TABLE `sessions` (
  `id` int(11) NOT NULL,
  `uid` int(11) NOT NULL,
  `hash` varchar(40) NOT NULL,
  `expiredate` datetime NOT NULL,
  `ip` varchar(39) NOT NULL,
  `agent` varchar(200) NOT NULL,
  `cookie_crc` varchar(40) NOT NULL
) ENGINE=InnoDB AUTO_INCREMENT=12 DEFAULT CHARSET=utf8;

--
-- Dumping data for table `sessions`
--

INSERT INTO `sessions` (`id`, `uid`, `hash`, `expiredate`, `ip`, `agent`, `cookie_crc`) VALUES
(11, 1, '418d6e9857a907448625a7b396b1876e298fd200', '2016-05-16 21:40:09', '::1', 'Mozilla/5.0 (Macintosh; Intel Mac OS X 10_11_3) AppleWebKit/537.36 (KHTML, like Gecko) Chrome/49.0.2623.112 Safari/537.36', '96c284e354b5d77427cc44f62ac2989eb465ce86');

-- --------------------------------------------------------

--
-- Table structure for table `settings`
--

CREATE TABLE `settings` (
  `iduser` int(10) unsigned NOT NULL,
  `portfoliofolder` int(10) unsigned NOT NULL DEFAULT '0',
  `featuredgallery` int(10) unsigned NOT NULL DEFAULT '0'
) ENGINE=InnoDB DEFAULT CHARSET=latin1;

--
-- Dumping data for table `settings`
--

INSERT INTO `settings` (`iduser`, `portfoliofolder`, `featuredgallery`) VALUES
(1, 1, 15);

-- --------------------------------------------------------

--
-- Table structure for table `users`
--

CREATE TABLE `users` (
  `id` int(11) NOT NULL,
  `email` varchar(100) DEFAULT NULL,
  `password` varchar(60) DEFAULT NULL,
  `isactive` tinyint(1) NOT NULL DEFAULT '0',
  `dt` timestamp NOT NULL DEFAULT CURRENT_TIMESTAMP,
  `name` varchar(256) NOT NULL,
  `company` varchar(256) NOT NULL,
  `isadmin` tinyint(1) NOT NULL DEFAULT '0',
  `idcontainer` int(10) unsigned NOT NULL DEFAULT '0'
) ENGINE=InnoDB AUTO_INCREMENT=8 DEFAULT CHARSET=utf8;

--
-- Dumping data for table `users`
--

INSERT INTO `users` (`id`, `email`, `password`, `isactive`, `dt`, `name`, `company`, `isadmin`, `idcontainer`) VALUES
(1, 'casey@crossriver.com', '$2y$10$PF8XOJ8VAvTrLeCXfLmd1eyamsakf0mlItyghqT8.Jo4q.MhDB/ca', 1, '2016-03-26 00:48:21', 'Casey McSpadden', 'Cross River Photography', 1, 0),
(3, 'george@smith.com', '$2y$10$GwAhpA6nKN68R/HAn/57ae5LBaMAxN/I.Tzz53mFZTSxIVRkoDlZy', 1, '2016-03-26 01:17:50', 'George Smith', '', 0, 0),
(4, 'ben@jones.com', '$2y$10$T9GL/w3H6gZsH4eof5WBL.JF1WEeyHtXpeDEORYDhL8zqUKbbw4nW', 1, '2016-03-26 01:27:30', 'Ben Jones', '', 0, 0),
(5, 'crazy@eight.com', '$2y$10$sWRkB2diHier/1LgFobGO.VHcPG.GAIIo2O187hcHGRChf99hYHM2', 1, '2016-03-26 01:37:02', 'Crazy Eight', '', 0, 0),
(6, 'jerry@seinfeld.com', '$2y$10$fFX2ZO/9fZUJJwczmdgPtuv99pY6JeebkUgsk8xUTreVRy91Paa42', 1, '2016-03-26 01:47:01', 'Jerry Seinfeld', '', 0, 0),
(7, 'cheree@tatehomeskc.com', '$2y$10$rAAa.S.2B/sv5o9Y6OiKSOSP350BKw/IbRWr8wdVV/KWDNIUSiVJm', 1, '2016-04-14 23:48:40', 'Cheree Tate', '', 0, 6);

--
-- Indexes for dumped tables
--

--
-- Indexes for table `attempts`
--
ALTER TABLE `attempts`
  ADD PRIMARY KEY (`id`);

--
-- Indexes for table `config`
--
ALTER TABLE `config`
  ADD UNIQUE KEY `setting` (`setting`);

--
-- Indexes for table `containerphotos`
--
ALTER TABLE `containerphotos`
  ADD PRIMARY KEY (`idcontainer`,`idphoto`);

--
-- Indexes for table `containers`
--
ALTER TABLE `containers`
  ADD PRIMARY KEY (`id`);

--
-- Indexes for table `photos`
--
ALTER TABLE `photos`
  ADD PRIMARY KEY (`id`);

--
-- Indexes for table `products`
--
ALTER TABLE `products`
  ADD PRIMARY KEY (`id`);

--
-- Indexes for table `requests`
--
ALTER TABLE `requests`
  ADD PRIMARY KEY (`id`);

--
-- Indexes for table `sessions`
--
ALTER TABLE `sessions`
  ADD PRIMARY KEY (`id`);

--
-- Indexes for table `settings`
--
ALTER TABLE `settings`
  ADD PRIMARY KEY (`iduser`);

--
-- Indexes for table `users`
--
ALTER TABLE `users`
  ADD PRIMARY KEY (`id`);

--
-- AUTO_INCREMENT for dumped tables
--

--
-- AUTO_INCREMENT for table `attempts`
--
ALTER TABLE `attempts`
  MODIFY `id` int(11) NOT NULL AUTO_INCREMENT,AUTO_INCREMENT=3;
--
-- AUTO_INCREMENT for table `containers`
--
ALTER TABLE `containers`
  MODIFY `id` int(10) unsigned NOT NULL AUTO_INCREMENT,AUTO_INCREMENT=30;
--
-- AUTO_INCREMENT for table `photos`
--
ALTER TABLE `photos`
  MODIFY `id` int(10) unsigned NOT NULL AUTO_INCREMENT,AUTO_INCREMENT=661;
--
-- AUTO_INCREMENT for table `products`
--
ALTER TABLE `products`
  MODIFY `id` int(10) unsigned NOT NULL AUTO_INCREMENT,AUTO_INCREMENT=45;
--
-- AUTO_INCREMENT for table `requests`
--
ALTER TABLE `requests`
  MODIFY `id` int(11) NOT NULL AUTO_INCREMENT;
--
-- AUTO_INCREMENT for table `sessions`
--
ALTER TABLE `sessions`
  MODIFY `id` int(11) NOT NULL AUTO_INCREMENT,AUTO_INCREMENT=12;
--
-- AUTO_INCREMENT for table `users`
--
ALTER TABLE `users`
  MODIFY `id` int(11) NOT NULL AUTO_INCREMENT,AUTO_INCREMENT=8;
/*!40101 SET CHARACTER_SET_CLIENT=@OLD_CHARACTER_SET_CLIENT */;
/*!40101 SET CHARACTER_SET_RESULTS=@OLD_CHARACTER_SET_RESULTS */;
/*!40101 SET COLLATION_CONNECTION=@OLD_COLLATION_CONNECTION */;
